시군구명,행정동명,총생활인구수,총노인시설수,입소정원,총노인생활인구수,노인생활인구비율,국민기초생활보장 수급권자,저소득노인,normal,Total bus,Total subway,Total Transportation,전체인구,65세이상 인구,고령자 비율,총독거노인수,노인시설수요량,Cluster_Labels
종로구,사직동,25308.00603,1,29,2201.444122,11.49609285,56,10,447,27,1,28,9355,1808,5.174225664,513,16.689655172413794,1
종로구,삼청동,6084.941765,1,29,590.9469749,10.29693361,19,4,190,16,0,16,2642,626,4.220447284,213,6.344827586206897,1
종로구,부암동,14174.37596,1,29,1684.234649,8.415915186,58,16,385,34,0,34,9536,1814,5.256890849,459,14.827586206896552,1
종로구,평창동,17494.97666,3,29,2491.826055,7.020946193,56,22,716,54,0,54,17858,3495,5.109585122,794,24.379310344827587,3
종로구,무악동,6495.619954,3,29,914.8197172,7.100437203,88,20,219,3,0,3,8052,1476,5.455284553,327,8.275862068965518,1
종로구,교남동,7255.245085,0,29,837.1808035,8.666282188,55,18,371,24,0,24,9994,1656,6.035024155,444,15.310344827586206,1
종로구,가회동,6932.127119,1,29,660.4304458,10.49637727,19,8,221,23,0,23,4065,840,4.839285714,248,7.551724137931034,1
종로구,종로1.2.3.4가동,63479.18695,0,29,5680.621316,11.17469083,404,19,688,71,17,88,8700,1757,4.951622083,1111,38.310344827586206,1
종로구,종로5.6가동,16377.68155,0,29,2011.73291,8.141081483,124,32,333,18,2,20,5817,1068,5.446629213,489,16.862068965517242,1
종로구,이화동,25813.05465,1,29,2102.115441,12.27956093,100,40,316,20,1,21,7631,1358,5.619293078,456,14.724137931034482,1
종로구,창신1동,8612.088151,0,29,1151.000718,7.482261321,201,15,328,6,3,9,5383,1188,4.531144781,544,18.75862068965517,1
종로구,창신2동,8480.381361,0,29,1209.321411,7.012512378,209,34,416,2,1,3,8796,1848,4.75974026,659,22.724137931034484,1
종로구,창신3동,4774.395129,0,29,545.6665433,8.749657072,77,7,225,5,1,6,6606,1253,5.272146848,309,10.655172413793103,1
종로구,숭인1동,7167.64679,0,29,920.2927452,7.788442132,116,25,265,10,4,14,6057,1212,4.997524752,406,14.0,1
종로구,숭인2동,12363.81302,0,29,1506.365382,8.207711866,218,37,456,9,4,13,10509,1723,6.099245502,711,24.517241379310345,1
종로구,청운효자동,18327.98995,0,29,1867.368875,9.814873854,72,23,454,32,0,32,11818,2154,5.486536676,549,18.93103448275862,1
종로구,혜화동,33607.95573,0,29,2186.183403,15.37288943,128,19,619,37,1,38,19392,2682,7.230425056,766,26.413793103448278,1
중구,소공동,27907.6411,0,29,1309.520295,21.31134676,17,0,53,32,5,37,3578,318,11.25157233,70,2.413793103448276,1
중구,회현동,26546.04915,0,29,2445.507666,10.85502594,213,8,259,36,10,46,5222,1323,3.947089947,480,16.551724137931036,1
중구,명동,36805.14784,0,29,1778.688063,20.69230047,30,2,160,34,6,40,3638,778,4.676092545,192,6.620689655172414,1
중구,필동,14392.64417,0,29,1109.619934,12.97078732,52,9,252,10,1,11,4816,885,5.44180791,313,10.793103448275861,1
중구,장충동,12580.35636,0,29,885.9124407,14.20045118,57,6,189,13,1,14,5326,866,6.150115473,252,8.689655172413794,1
중구,광희동,24360.17504,0,29,1849.489557,13.17129634,110,13,318,24,2,26,6682,1124,5.944839858,441,15.206896551724139,1
중구,을지로동,17184.2054,0,29,1565.998556,10.97332135,91,7,178,17,3,20,1912,468,4.085470085,276,9.517241379310345,1
중구,신당5동,7626.547197,0,29,828.9863536,9.199846491,201,31,340,8,0,8,10513,1875,5.606933333,572,19.724137931034484,1
중구,황학동,13134.12167,4,29,1462.213239,8.982357241,214,20,413,7,1,8,13459,2077,6.480019259,647,18.310344827586206,1
중구,중림동,8322.428275,2,29,897.2339194,9.275650524,221,33,359,10,1,11,12338,2205,5.595464853,613,19.137931034482758,1
중구,신당동,22116.83454,29,29,1936.284229,11.42230785,193,22,359,8,3,11,9087,1517,5.990112063,574,-9.206896551724139,1
중구,다산동,14993.2528,0,29,1783.794206,8.405259281,190,43,476,8,0,8,13954,2819,4.949982263,709,24.448275862068964,1
중구,약수동,13256.74357,0,29,2022.811031,6.553624321,418,110,596,12,2,14,16610,4001,4.151462134,1124,38.758620689655174,3
중구,청구동,11131.70221,0,29,1446.225604,7.697071727,318,47,460,5,1,6,13451,2844,4.729606188,825,28.448275862068964,1
중구,동화동,10386.93432,0,29,1324.402066,7.84273491,67,15,255,4,0,4,10199,1955,5.216879795,337,11.620689655172415,1
용산구,후암동,12199.95462,5,38,1345.524292,9.067063811,268,32,584,19,0,19,16812,3008,5.589095745,884,18.263157894736842,1
용산구,용산2가동,12559.26255,0,29,1297.848648,9.676985495,168,19,354,26,1,27,10333,2045,5.052811736,541,18.655172413793103,1
용산구,남영동,16347.61368,1,93,1448.771115,11.28377941,520,3,346,20,2,22,7552,1562,4.834827145,869,8.344086021505376,1
용산구,원효로2동,16119.31682,0,29,1842.939017,8.746527512,177,14,347,26,0,26,13795,2331,5.918060918,538,18.551724137931036,1
용산구,효창동,9383.937603,4,35,1090.45087,8.605557444,49,9,244,15,0,15,10888,1579,6.895503483,302,4.628571428571428,1
용산구,용문동,8509.639851,4,30,1002.710503,8.486636796,183,17,289,16,1,17,11664,2172,5.370165746,489,12.3,1
용산구,이촌1동,24803.21369,0,29,3053.159766,8.123785059,21,7,676,22,1,23,25707,4306,5.970041802,704,24.275862068965516,3
용산구,이촌2동,8688.923303,0,29,1010.247348,8.600788034,65,9,331,9,0,9,8094,1792,4.516741071,405,13.96551724137931,1
용산구,이태원1동,11017.30061,0,29,834.0512663,13.20938059,74,7,260,14,1,15,7947,1346,5.904160475,341,11.758620689655173,1
용산구,이태원2동,10882.27709,0,29,977.9119824,11.12807418,89,15,326,18,0,18,10427,1861,5.602901666,430,14.827586206896552,1
용산구,서빙고동,15094.62832,4,52,1615.603399,9.343028326,96,15,340,24,2,26,13458,2146,6.271202237,451,4.673076923076923,1
용산구,보광동,10925.74691,13,25,1082.775326,10.09050229,309,40,439,13,0,13,14060,2668,5.269865067,788,18.52,1
용산구,청파동,23328.94414,0,29,1934.219622,12.0611661,339,29,597,24,0,24,19833,3234,6.132653061,965,33.275862068965516,1
용산구,원효로1동,19609.39184,0,29,1288.717075,15.21621171,128,22,343,24,0,24,17774,2076,8.561657033,493,17.0,1
용산구,한강로동,49940.18535,0,29,3333.870697,14.97964075,171,14,582,41,13,54,22886,3228,7.08983891,767,26.448275862068964,1
용산구,한남동,30913.20049,10,24,2495.061627,12.38975428,214,38,654,42,1,43,22054,3683,5.988053217,906,27.75,3
성동구,왕십리2동,14185.12882,0,29,1519.464517,9.335610445,177,39,418,13,1,14,16688,2657,6.280767783,634,21.862068965517242,1
성동구,마장동,20549.41763,15,27,2376.584406,8.646618052,258,46,692,28,0,28,22706,4041,5.618906211,996,21.888888888888886,3
성동구,사근동,25905.1684,5,25,1564.568283,16.55739073,72,18,295,40,1,41,14082,1521,9.258382643,385,10.4,1
성동구,행당1동,25152.90776,0,29,1926.626053,13.05541765,121,23,343,27,3,30,13996,2194,6.379216044,487,16.79310344827586,1
성동구,행당2동,18078.24544,0,29,2097.597031,8.618550259,321,52,487,26,1,27,23148,4005,5.779775281,860,29.655172413793103,3
성동구,응봉동,9975.061724,9,20,1102.211574,9.050042623,62,27,399,32,0,32,15100,2537,5.951911707,488,15.399999999999999,1
성동구,금호1가동,13923.95051,0,29,1553.990783,8.960124257,300,29,390,41,1,42,15137,2750,5.504363636,719,24.79310344827586,1
성동구,금호4가동,11987.84306,0,29,1450.407754,8.265153728,178,26,430,28,2,30,14228,2512,5.664012739,634,21.862068965517242,1
성동구,성수1가1동,18533.75675,0,29,1360.777531,13.61997558,147,12,383,32,2,34,16407,2401,6.833402749,542,18.689655172413794,1
성동구,성수1가2동,20113.26513,0,29,1340.61524,15.00301095,69,16,340,12,2,14,12322,1969,6.257998984,425,14.655172413793103,1
성동구,성수2가1동,18920.80428,0,29,1403.98234,13.47652584,251,34,535,30,0,30,15716,2966,5.298718813,820,28.275862068965516,1
성동구,성수2가3동,33216.07146,0,29,1994.780977,16.65148798,65,11,285,21,2,23,10520,1837,5.726728361,361,12.448275862068966,1
성동구,송정동,9246.199238,5,21,827.2830098,11.17658544,196,32,313,13,0,13,10464,1859,5.628832706,541,20.761904761904763,1
성동구,용답동,19839.431,4,25,1998.184993,9.928725851,267,33,453,11,3,14,12551,2208,5.68432971,753,26.12,1
성동구,왕십리도선동,28711.61418,0,29,2628.588738,10.92282477,359,39,574,27,1,28,26903,3964,6.786831483,972,33.51724137931034,3
성동구,금호2.3가동,20143.24,0,29,2451.361227,8.217165131,233,34,618,37,0,37,22423,3987,5.624028091,885,30.517241379310345,3
성동구,옥수동,26322.97644,18,20,3059.601235,8.603401036,179,31,601,40,2,42,25843,4312,5.993274583,811,22.549999999999997,3
광진구,화양동,42593.34593,2,22,2118.704759,20.10348339,157,22,671,22,2,24,27082,2356,11.49490662,850,36.63636363636363,1
광진구,군자동,23780.71326,4,29,1663.18853,14.29826675,262,54,903,22,2,24,21524,3175,6.779212598,1219,38.03448275862069,1
광진구,중곡1동,15220.66107,0,29,1479.148051,10.29015389,236,70,719,18,0,18,15663,2628,5.960045662,1025,35.3448275862069,1
광진구,중곡2동,18466.58235,0,29,1945.198342,9.493418716,234,86,850,17,1,18,21336,3418,6.242246928,1170,40.3448275862069,3
광진구,중곡3동,14521.06461,0,29,1778.885125,8.163014244,304,84,902,21,1,22,16177,2943,5.496772001,1290,44.48275862068966,1
광진구,중곡4동,24239.23146,0,29,3137.083037,7.726678312,413,154,1288,33,0,33,28405,5417,5.243677312,1855,63.96551724137931,0
광진구,능동,15295.36352,1,29,1321.22889,11.57661904,91,29,399,9,2,11,11561,1674,6.906212664,519,16.896551724137932,1
광진구,구의1동,22173.85187,0,29,1878.052742,11.80683128,244,56,892,13,1,14,24049,3342,7.195990425,1192,41.10344827586207,3
광진구,구의2동,19634.21775,0,29,2249.316064,8.728972359,287,111,1029,20,0,20,26573,4514,5.886796633,1427,49.206896551724135,3
광진구,구의3동,29234.55909,0,29,2556.358258,11.43601801,134,46,772,23,0,23,28440,4377,6.497601097,952,32.827586206896555,3
광진구,광장동,35120.53689,20,20,2739.626925,12.81945967,67,27,606,38,2,40,34362,3991,8.609872212,700,15.0,3
광진구,자양1동,24470.08002,0,29,2172.600719,11.26303596,361,88,1074,13,0,13,22709,3655,6.213132695,1523,52.51724137931034,3
광진구,자양2동,20905.82465,0,29,2218.345826,9.42406022,234,57,890,14,0,14,24253,4207,5.764915617,1181,40.724137931034484,3
광진구,자양3동,24437.51774,0,29,2438.046822,10.02339968,107,42,809,18,1,19,27858,4495,6.197552836,958,33.03448275862069,3
광진구,자양4동,28831.07017,0,29,2727.527947,10.57040321,358,76,1134,12,1,13,21260,3879,5.480794019,1568,54.06896551724138,3
동대문구,회기동,20841.7972,1,150,1632.039297,12.77040157,84,15,349,9,0,9,13536,1556,8.699228792,448,1.9866666666666668,1
동대문구,휘경1동,16964.48708,0,29,1636.097547,10.36887263,110,18,367,15,2,17,16339,2173,7.519098021,495,17.06896551724138,1
동대문구,휘경2동,19577.39017,0,29,2115.508152,9.254225821,181,34,709,17,0,17,24666,4112,5.998540856,924,31.862068965517242,3
동대문구,청량리동,20534.33154,14,20,3645.655912,5.632547896,837,78,1053,23,0,23,19094,5467,3.492591915,1968,84.4,0
동대문구,용신동,41890.57829,0,29,5121.416673,8.179490357,706,55,1315,38,7,45,36137,6147,5.878802668,2076,71.58620689655173,0
동대문구,제기동,32198.27615,6,24,4689.975856,6.865339427,694,78,1182,27,2,29,26484,5855,4.523313407,1954,75.41666666666667,0
동대문구,전농1동,31929.54173,0,29,3547.608511,9.00030024,701,106,1072,33,2,35,29220,5816,5.024071527,1879,64.79310344827586,0
동대문구,전농2동,16144.29251,0,29,1852.766996,8.713611886,287,43,529,12,0,12,18629,3813,4.88565434,859,29.620689655172413,3
동대문구,답십리2동,20437.79075,0,29,2657.978478,7.689223563,479,87,803,20,0,20,28055,5780,4.853806228,1369,47.206896551724135,0
동대문구,장안1동,34374.34547,0,29,3555.816954,9.667073957,416,65,1105,27,1,28,38677,6799,5.688630681,1586,54.689655172413794,0
동대문구,장안2동,28389.64242,0,29,2971.260749,9.554746222,316,54,880,33,0,33,32685,5424,6.025995575,1250,43.10344827586207,0
동대문구,이문1동,26354.48836,0,29,1893.089414,13.92141764,232,45,566,26,0,26,21366,3234,6.606679035,843,29.06896551724138,1
동대문구,이문2동,13358.71022,0,29,1838.642549,7.265528704,349,52,620,10,3,13,20183,4126,4.891662627,1021,35.206896551724135,3
동대문구,답십리1동,21509.69667,0,29,2320.465131,9.26956255,283,43,655,26,2,28,28530,4166,6.848295727,981,33.827586206896555,3
중랑구,면목2동,19858.03444,0,29,2500.038144,7.943092585,510,40,976,23,0,23,24206,4783,5.060840477,1526,52.62068965517241,3
중랑구,면목4동,16091.08707,0,29,2180.775289,7.378608495,530,27,547,14,1,15,18746,3919,4.783363103,1104,38.06896551724138,3
중랑구,면목5동,11305.76183,0,29,1339.70248,8.439009408,184,10,376,14,0,14,14836,2380,6.233613445,570,19.655172413793103,1
중랑구,면목7동,17156.85845,0,29,2434.986312,7.045977369,349,28,731,17,1,18,21798,4467,4.879785091,1108,38.206896551724135,3
중랑구,상봉1동,16671.42593,0,29,1875.656644,8.888314389,441,22,588,16,4,20,23714,3995,5.9359199,1051,36.241379310344826,3
중랑구,상봉2동,25041.93668,0,29,2524.424432,9.919859894,309,19,672,15,1,16,20612,3079,6.694381293,1000,34.48275862068966,1
중랑구,중화1동,14467.96169,0,29,1806.185033,8.010232301,284,21,632,14,0,14,19293,3835,5.030769231,937,32.310344827586206,3
중랑구,중화2동,25087.93301,0,29,3426.944097,7.320788521,755,33,977,28,1,29,24926,5183,4.80918387,1765,60.86206896551724,3
중랑구,묵1동,24650.23534,0,29,3194.897219,7.715501829,337,28,841,31,1,32,34344,6145,5.588934093,1206,41.58620689655172,0
중랑구,묵2동,18347.44489,0,29,2274.471049,8.066686491,319,31,629,20,0,20,18624,3762,4.950558214,979,33.758620689655174,3
중랑구,망우3동,11024.19459,0,29,1645.730123,6.698664887,528,24,625,10,0,10,16303,3505,4.651355207,1177,40.58620689655172,3
중랑구,신내1동,33076.72461,0,29,3941.022636,8.392929364,526,44,771,49,2,51,38205,7204,5.30330372,1341,46.241379310344826,0
중랑구,신내2동,17158.0808,0,29,2497.142353,6.871086375,493,28,701,21,1,22,20155,4297,4.690481731,1222,42.13793103448276,3
중랑구,면목본동,26370.54606,0,29,3242.991523,8.131549488,791,44,1205,27,1,28,33856,6355,5.327458694,2040,70.34482758620689,0
중랑구,망우본동,40005.16754,0,29,4795.70537,8.3418735,854,39,1201,59,4,63,35905,6837,5.251572327,2094,72.20689655172414,0
성북구,돈암1동,12256.11859,0,29,1844.008038,6.646456163,370,14,329,11,0,11,14474,2988,4.844042838,713,24.586206896551722,1
성북구,돈암2동,13693.33876,0,29,1558.868615,8.784151934,198,16,381,33,0,33,23657,3648,6.484923246,595,20.517241379310345,3
성북구,안암동,27724.07152,0,29,1822.785118,15.20973111,179,18,420,30,2,32,17118,2113,8.101277804,617,21.275862068965516,1
성북구,보문동,15573.25256,0,29,1785.533596,8.721903968,200,19,496,10,1,11,16712,2588,6.457496136,715,24.655172413793103,1
성북구,길음1동,34012.78981,0,29,3219.644326,10.56414509,344,27,517,30,2,32,35000,4818,7.264425073,888,30.620689655172413,3
성북구,길음2동,18238.80908,0,29,2075.721872,8.786730693,294,16,370,22,0,22,21728,3112,6.982005141,680,23.448275862068964,1
성북구,월곡1동,25327.12932,0,29,2824.916052,8.965621933,466,15,637,25,0,25,26169,4922,5.316741162,1118,38.55172413793103,3
성북구,월곡2동,21841.90214,0,29,2653.640186,8.230920776,353,17,525,28,2,30,19739,3729,5.29337624,895,30.862068965517242,3
성북구,장위1동,21655.23647,0,29,2656.708094,8.151153871,577,14,550,34,0,34,24082,4210,5.720190024,1141,39.3448275862069,3
성북구,장위2동,12115.42795,0,29,1862.613901,6.504529975,414,15,419,27,1,28,13622,3146,4.329942784,848,29.24137931034483,1
성북구,장위3동,8376.712836,0,29,984.7140254,8.50674675,202,13,252,34,0,34,15868,2193,7.235750114,467,16.103448275862068,1
성북구,성북동,20029.27524,4,29,2278.938747,8.788860722,166,15,589,47,1,48,16889,3092,5.462160414,770,22.551724137931036,1
성북구,삼선동,25794.12626,0,29,2370.935002,10.87930552,369,21,678,39,2,41,23044,4026,5.72379533,1068,36.827586206896555,3
성북구,동선동,25385.16894,0,29,2032.15823,12.49172853,194,13,401,18,1,19,15870,2196,7.226775956,608,20.96551724137931,1
성북구,종암동,37690.85888,19,22,4305.273997,8.754578434,613,19,1106,56,0,56,40111,6990,5.738340486,1738,60.0,0
성북구,석관동,26404.14704,8,29,3694.527833,7.146825857,699,24,1148,29,1,30,35315,7494,4.712436616,1871,56.51724137931035,0
강북구,번1동,17811.94093,0,29,2297.420795,7.753016323,380,35,1163,23,1,24,18578,3811,4.874836001,1578,54.41379310344828,3
강북구,번2동,11704.72484,0,29,2001.168839,5.848944184,548,96,1250,41,0,41,15397,4124,3.733511154,1894,65.3103448275862,3
강북구,번3동,14479.44704,0,29,2832.736853,5.111469153,857,88,1587,35,0,35,16449,4787,3.436181324,2532,87.3103448275862,3
강북구,수유1동,16701.63783,0,29,2485.305284,6.720155443,470,55,1318,39,2,41,20501,4577,4.479134804,1843,63.55172413793103,3
강북구,수유2동,16899.03589,0,29,2740.227556,6.167019178,419,54,1237,12,1,13,21054,5126,4.107296137,1710,58.96551724137931,3
강북구,수유3동,27698.70864,0,29,3242.434665,8.542564925,488,49,1473,25,0,25,23778,4804,4.949625312,2010,69.3103448275862,3
강북구,삼양동,21605.83224,0,29,3434.350243,6.291097503,546,65,1511,31,3,34,23090,5019,4.600518031,2122,73.17241379310344,3
강북구,미아동,22148.33645,47,16,3173.804722,6.978481157,445,76,1484,26,2,28,21685,4627,4.686622001,2005,78.3125,2
강북구,송중동,34034.61077,0,29,4603.956327,7.392470378,481,69,1574,57,2,59,29910,6215,4.812550282,2124,73.24137931034483,0
강북구,송천동,26162.82793,0,29,3884.121118,6.735842457,675,69,1990,17,1,18,25998,6280,4.139808917,2734,94.27586206896552,0
강북구,삼각산동,20099.48096,0,29,2285.146658,8.795707222,515,49,1096,21,2,23,30939,4711,6.567395457,1660,57.241379310344826,3
강북구,우이동,18995.1833,3,29,2899.627067,6.550905638,331,68,1328,33,6,39,20407,4998,4.083033213,1727,56.55172413793103,3
강북구,인수동,25655.2149,0,29,4127.451207,6.215752439,605,81,1978,50,1,51,29916,7228,4.138904261,2664,91.86206896551724,0
도봉구,쌍문1동,16785.47009,0,29,2333.15984,7.194307823,346,52,686,42,1,43,21445,4723,4.540546263,1084,37.37931034482759,3
도봉구,쌍문2동,16883.76161,0,29,2395.013831,7.0495466,313,65,748,15,0,15,18461,4027,4.584305935,1126,38.827586206896555,3
도봉구,쌍문3동,16254.34556,0,29,2301.044448,7.063898994,277,40,598,16,0,16,16934,3544,4.778216704,915,31.551724137931036,3
도봉구,쌍문4동,12974.4523,0,29,1677.103361,7.736226995,82,29,477,15,0,15,18348,3278,5.597315436,588,20.275862068965516,1
도봉구,방학1동,23091.12186,0,29,3226.751819,7.156150565,546,53,948,31,5,36,28410,6183,4.594856866,1547,53.3448275862069,0
도봉구,방학2동,10652.81774,0,29,1954.933363,5.449197368,649,71,726,23,0,23,19354,4601,4.206476853,1446,49.86206896551724,3
도봉구,방학3동,20098.28616,0,29,3086.310857,6.512074478,100,35,791,28,0,28,26500,5387,4.919250046,926,31.93103448275862,0
도봉구,창1동,19865.69091,0,29,2841.669066,6.990853067,208,27,895,22,3,25,24502,4872,5.029146141,1130,38.96551724137931,3
도봉구,창2동,28378.95495,0,29,3737.577968,7.59287303,312,46,853,25,0,25,28957,5498,5.2668243,1211,41.758620689655174,0
도봉구,창3동,10035.88708,0,29,1510.611047,6.643594393,308,35,518,12,0,12,13633,3041,4.483064781,861,29.689655172413794,1
도봉구,창4동,26855.20662,0,29,3503.614136,7.66500122,112,28,740,36,4,40,26121,4505,5.798224195,880,30.344827586206897,3
도봉구,창5동,18855.02786,0,29,2536.545879,7.433347851,167,29,741,18,1,19,24343,4621,5.267907379,937,32.310344827586206,3
도봉구,도봉1동,18056.48145,0,29,3736.800288,4.832070235,568,73,1159,37,0,37,20622,5930,3.477571669,1800,62.06896551724138,0
도봉구,도봉2동,18278.14207,0,29,3031.465085,6.02947471,470,69,1041,42,6,48,26359,6788,3.883176193,1580,54.48275862068966,0
노원구,월계1동,22899.68452,0,29,2722.435788,8.411469106,262,32,693,45,4,49,21580,4280,5.042056075,987,34.03448275862069,3
노원구,월계2동,19181.67485,0,29,3035.795822,6.318499652,1055,58,812,40,4,44,26066,6044,4.312706817,1925,66.37931034482759,0
노원구,월계3동,23355.59323,0,29,3340.725091,6.991174849,705,46,981,24,1,25,29384,6378,4.607086861,1732,59.724137931034484,0
노원구,공릉2동,46948.93341,0,29,4017.872447,11.68502336,300,37,857,52,2,54,42538,5931,7.17214635,1194,41.172413793103445,0
노원구,하계1동,25620.74915,0,29,3078.423217,8.322685785,1001,38,594,35,2,37,26982,4694,5.748189178,1633,56.310344827586206,3
노원구,하계2동,15284.38802,0,29,1812.613379,8.432238336,334,27,489,19,1,20,21642,3408,6.350352113,850,29.310344827586206,3
노원구,중계본동,19788.4596,0,29,1437.163726,13.76910595,126,25,421,19,0,19,23477,2620,8.960687023,572,19.724137931034484,1
노원구,중계1동,24737.13218,0,29,1979.435209,12.49706586,196,19,344,18,0,18,26580,2561,10.3787583,559,19.275862068965516,1
노원구,중계4동,15567.60285,0,29,2452.469771,6.347724662,696,30,602,7,0,7,19601,4138,4.736829386,1328,45.793103448275865,3
노원구,상계1동,34833.89299,0,29,5428.388213,6.416986337,543,52,1038,30,5,35,37857,7568,5.0022463,1633,56.310344827586206,0
노원구,상계2동,27723.48326,0,29,3350.453471,8.274546566,289,28,578,26,6,32,19629,3526,5.566931367,895,30.862068965517242,3
노원구,상계5동,17602.72136,0,29,2840.79694,6.196402536,495,56,996,19,0,19,23737,5242,4.528233499,1547,53.3448275862069,3
노원구,상계8동,17031.89735,0,29,1816.388383,9.376792712,53,7,599,14,1,15,22344,3055,7.31391162,659,22.724137931034484,1
노원구,상계9동,17150.19699,0,29,2135.550067,8.030810074,111,25,690,23,1,24,20071,3682,5.451113525,826,28.482758620689655,3
노원구,상계10동,12520.19326,0,29,1404.145122,8.916594918,74,12,483,22,1,23,18477,2922,6.323408624,569,19.620689655172413,1
노원구,상계3.4동,20443.07912,0,29,3202.631123,6.383213783,921,80,976,23,0,23,25324,6177,4.099724785,1977,68.17241379310344,0
노원구,상계6.7동,46883.34032,0,29,5453.030494,8.597666999,165,33,1107,30,0,30,32044,5271,6.07930184,1305,45.0,3
노원구,중계2.3동,30262.57991,0,29,4137.743224,7.313788765,1405,89,1100,31,4,35,33497,7665,4.37012394,2594,89.44827586206897,0
노원구,공릉1동,42155.76269,0,29,4980.866371,8.463540185,788,44,1084,44,4,48,37184,6878,5.406222739,1916,66.06896551724138,0
은평구,녹번동,32323.81088,13,20,4284.273029,7.54475979,587,53,1466,28,2,30,36884,7329,5.032610179,2106,92.3,0
은평구,불광1동,25468.65115,0,29,3859.13285,6.599578751,675,46,1422,34,2,36,38265,7985,4.792110207,2143,73.89655172413794,0
은평구,갈현1동,18347.66641,0,29,2423.374971,7.571121526,358,37,458,43,1,44,17151,3557,4.82175991,853,29.413793103448278,3
은평구,갈현2동,21610.91813,0,29,2579.081826,8.379306899,352,38,833,31,1,32,28176,5204,5.414296695,1223,42.172413793103445,3
은평구,구산동,24553.84125,7,24,3338.527606,7.354691692,415,47,882,32,0,32,32020,6382,5.017235976,1344,49.0,0
은평구,대조동,49555.08139,4,29,5872.977483,8.437812256,487,44,1000,28,0,28,26862,5199,5.166762839,1531,48.793103448275865,3
은평구,응암1동,22193.92446,0,29,2607.165504,8.512664204,323,24,905,22,1,23,33279,5410,6.151386322,1252,43.172413793103445,0
은평구,응암2동,16281.11049,0,29,1738.765042,9.363605829,355,26,550,34,0,34,28016,4152,6.747591522,931,32.10344827586207,3
은평구,신사1동,22677.29915,0,29,2850.469137,7.955637499,272,29,804,24,1,25,26984,5220,5.169348659,1105,38.10344827586207,3
은평구,신사2동,12222.7967,0,29,1564.151094,7.814332479,270,24,641,32,1,33,19497,3963,4.919757759,935,32.241379310344826,3
은평구,증산동,14754.51175,9,10,1798.7797,8.202511822,168,16,572,11,2,13,18647,3586,5.199944228,756,66.6,3
은평구,수색동,15359.82196,11,10,1422.719903,10.79609692,239,11,320,18,0,18,13210,2380,5.550420168,570,46.0,1
은평구,진관동,56427.00542,37,20,6224.244807,9.065678996,434,49,855,71,6,77,55034,8638,6.371150729,1338,29.900000000000006,0
은평구,불광2동,20838.43634,0,29,3004.641784,6.935414547,718,51,1220,25,0,25,27280,6134,4.44734268,1989,68.58620689655173,0
은평구,응암3동,24530.56316,0,29,3491.974071,7.024841155,608,47,1188,25,0,25,24313,5761,4.220274258,1843,63.55172413793103,0
은평구,역촌동,39673.22424,4,29,4961.918624,7.995541089,666,83,1419,49,0,49,44984,8750,5.141028571,2168,70.75862068965517,0
서대문구,천연동,16007.47951,2,25,2029.204827,7.888547918,372,6,622,37,1,38,17031,3279,5.193961574,1000,38.0,3
서대문구,홍제1동,24662.41281,0,29,3503.482058,7.039400345,267,18,842,22,1,23,24674,4838,5.100041339,1127,38.86206896551724,3
서대문구,홍제3동,13968.26933,0,29,2203.866814,6.338073261,284,9,716,43,1,44,17890,3947,4.532556372,1009,34.793103448275865,3
서대문구,홍제2동,9519.858323,0,29,1359.454222,7.002706065,251,9,449,9,1,10,13433,2811,4.778726432,709,24.448275862068964,1
서대문구,홍은1동,15412.39694,0,29,2262.409045,6.812383008,309,12,808,30,0,30,22825,4715,4.840933192,1129,38.93103448275862,3
서대문구,홍은2동,22383.28158,0,29,2785.156329,8.036633831,303,6,900,71,0,71,27499,5347,5.14288386,1209,41.689655172413794,0
서대문구,남가좌1동,7283.050342,0,29,749.0265794,9.723353673,118,5,299,13,1,14,16884,2299,7.344062636,422,14.551724137931034,1
서대문구,남가좌2동,21421.16433,0,29,2260.478005,9.476386978,441,7,832,27,0,27,30508,4988,6.11627907,1280,44.13793103448276,3
서대문구,북가좌1동,13915.558,0,29,1632.531151,8.523915754,154,10,395,13,0,13,17804,3106,5.732131359,559,19.275862068965516,1
서대문구,북가좌2동,31306.10804,0,29,4011.705618,7.803690255,476,10,1118,36,1,37,31244,6524,4.78908645,1604,55.310344827586206,0
서대문구,충현동,40869.19938,0,29,3532.849087,11.56833999,265,14,662,44,2,46,20316,3481,5.83625395,941,32.44827586206897,3
서대문구,북아현동,41199.05938,11,20,2990.998519,13.77434964,203,6,437,15,1,16,15875,2335,6.798715203,646,21.299999999999997,1
서대문구,신촌동,59087.21677,1,41,3071.521212,19.23711826,96,19,478,46,3,49,26143,2141,12.21064923,593,13.463414634146341,1
서대문구,연희동,38559.93039,11,20,3723.090198,10.35696917,281,13,1141,58,0,58,37428,6185,6.051414713,1435,60.75,0
마포구,용강동,24024.74506,4,20,2266.523805,10.59982031,181,49,479,21,3,24,21786,3046,7.152330926,709,31.450000000000003,1
마포구,대흥동,24547.19796,8,20,1604.395381,15.29996798,140,31,478,29,5,34,16177,1992,8.120983936,649,24.450000000000003,1
마포구,염리동,17123.83664,10,22,1380.605096,12.4031388,163,49,566,12,0,12,17633,2085,8.457074341,778,25.363636363636367,1
마포구,신수동,16688.86041,11,19,1610.018506,10.36563266,125,53,526,24,0,24,22672,3380,6.707692308,704,26.05263157894737,3
마포구,서교동,73018.70668,3,29,3615.025569,20.19866949,103,19,693,80,4,84,26674,3324,8.024669073,815,25.103448275862068,3
마포구,합정동,20184.91688,4,25,1487.297179,13.57154251,124,23,503,29,2,31,17064,2685,6.355307263,650,22.0,1
마포구,망원1동,20245.21116,0,29,2101.088618,9.635581756,203,63,592,23,1,24,19757,3407,5.798943352,858,29.586206896551722,3
마포구,망원2동,15556.86607,0,29,1758.211254,8.848121081,142,43,501,34,1,35,18449,3222,5.725946617,686,23.655172413793103,1
마포구,연남동,17454.32639,5,21,1295.670026,13.47127435,99,39,408,21,0,21,15603,2405,6.487733888,546,21.0,1
마포구,성산1동,20842.22427,0,29,1947.860315,10.70006104,211,37,431,26,0,26,19079,3043,6.26979954,679,23.413793103448278,1
마포구,성산2동,35306.39267,0,29,3534.2368,9.989820905,643,153,1003,40,8,48,39500,6425,6.147859922,1799,62.03448275862069,0
마포구,상암동,50557.95092,20,20,3657.366528,13.82359425,225,121,389,96,5,101,30837,4277,7.209960253,735,16.75,3
마포구,도화동,15839.84941,12,21,1729.964972,9.156167705,86,35,793,34,1,35,21118,3818,5.531168151,914,31.523809523809526,3
마포구,서강동,27789.94481,0,29,2130.997046,13.04081808,112,41,505,65,4,69,25576,3320,7.703614458,658,22.689655172413794,3
마포구,공덕동,36869.61614,15,23,3592.961022,10.2616243,418,79,1216,35,2,37,37476,6086,6.157739073,1713,59.47826086956522,0
마포구,아현동,26218.39475,13,23,2159.858174,12.13894276,177,24,727,17,3,20,26184,3399,7.703442189,928,27.347826086956523,3
양천구,목1동,39858.66394,0,29,2899.285389,13.74775456,149,12,396,25,3,28,30536,3505,8.712125535,557,19.20689655172414,3
양천구,목2동,22037.81924,0,29,2403.855653,9.167696574,269,31,660,14,4,18,29641,4410,6.721315193,960,33.10344827586207,3
양천구,목3동,17922.57872,0,29,2050.870766,8.73900931,257,32,550,9,1,10,21719,3599,6.03473187,839,28.93103448275862,3
양천구,목4동,17148.93143,0,29,1630.427338,10.5180593,240,25,583,14,0,14,25018,3403,7.351748457,848,29.24137931034483,3
양천구,신월1동,14538.36427,0,29,2146.938106,6.771673681,562,44,782,9,0,9,20343,4459,4.562233685,1388,47.86206896551724,3
양천구,신월2동,11892.04628,0,29,1461.704855,8.135737006,230,34,629,9,0,9,20569,4110,5.004622871,893,30.79310344827586,3
양천구,신월3동,12922.37808,0,29,1547.330827,8.351399616,452,37,668,11,0,11,14934,3093,4.828322017,1157,39.89655172413793,1
양천구,신월4동,11337.47616,0,29,1389.689223,8.158281699,123,27,510,10,0,10,17698,3490,5.071060172,660,22.75862068965517,3
양천구,신월5동,12620.24986,0,29,1504.41237,8.388823508,211,19,420,13,0,13,14461,2625,5.508952381,650,22.413793103448278,1
양천구,신월6동,4423.868117,0,29,525.0943722,8.424901029,89,7,293,12,0,12,13816,2030,6.80591133,389,13.413793103448276,1
양천구,신월7동,14301.02753,0,29,2010.715777,7.112406287,314,74,888,19,0,19,19199,4452,4.312443845,1276,44.0,3
양천구,신정1동,16197.0119,0,29,1550.611388,10.44556491,82,15,413,27,0,27,19962,2851,7.001753771,510,17.586206896551722,1
양천구,신정2동,13484.04699,0,29,1324.410964,10.18116533,284,27,329,14,0,14,19003,2730,6.960805861,640,22.06896551724138,1
양천구,신정3동,41042.3684,0,29,4679.876656,8.769967975,567,67,1126,60,1,61,50587,8101,6.244537711,1760,60.689655172413794,0
양천구,신정6동,19592.64615,0,29,1904.742841,10.28624218,14,5,379,22,0,22,24152,3042,7.939513478,398,13.724137931034482,1
양천구,신정7동,20681.51062,0,29,2749.002489,7.523278245,723,37,762,24,1,25,28579,5294,5.398375519,1522,52.48275862068966,3
양천구,목5동,38575.54051,0,29,3488.194002,11.0588862,13,5,615,28,0,28,40737,5035,8.090764647,633,21.82758620689655,3
양천구,신정4동,32137.73659,0,29,3559.090156,9.029761872,524,31,1109,17,0,17,33056,6164,5.36275146,1664,57.37931034482759,0
강서구,염창동,29356.18658,34,3,2267.960106,12.94387256,72,16,589,36,1,37,41628,4652,8.948409286,677,191.66666666666666,3
강서구,등촌1동,21821.32747,0,29,2069.868847,10.54237205,82,6,690,15,0,15,24991,3055,8.180360065,778,26.82758620689655,1
강서구,등촌2동,15151.08437,0,29,1708.629994,8.867387565,104,21,451,9,0,9,19855,3356,5.916269368,576,19.862068965517242,3
강서구,등촌3동,38184.29695,0,29,5028.785465,7.593144948,1905,65,894,47,2,49,30025,7065,4.249823071,2864,98.75862068965517,0
강서구,화곡본동,26326.46407,0,29,3102.012504,8.486898115,441,40,851,25,0,25,34121,5160,6.612596899,1332,45.93103448275862,3
강서구,화곡2동,12157.4776,0,29,1542.061394,7.883912823,249,25,483,28,0,28,17785,3053,5.825417622,757,26.103448275862068,1
강서구,화곡3동,17686.918,0,29,2224.760588,7.950032059,187,18,621,9,0,9,21603,4286,5.040363976,826,28.482758620689655,3
강서구,화곡4동,17148.42408,0,29,2256.969511,7.59798659,337,28,614,31,0,31,20514,4052,5.062685094,979,33.758620689655174,3
강서구,화곡6동,19778.3291,0,29,1951.009816,10.13748314,305,28,666,29,0,29,25303,4159,6.083914403,999,34.44827586206897,3
강서구,화곡8동,31911.36662,0,29,3373.493031,9.459443468,288,31,752,26,1,27,24415,4586,5.323811601,1071,36.93103448275862,3
강서구,가양1동,48328.44705,0,29,2972.784618,16.25696216,60,20,488,58,6,64,34359,3299,10.41497423,568,19.586206896551722,1
강서구,가양2동,15464.32424,0,29,3052.406814,5.06627235,1403,54,469,12,0,12,13902,4396,3.162420382,1926,66.41379310344827,3
강서구,가양3동,11497.82851,0,29,1625.383834,7.073915877,884,42,499,17,2,19,14678,3867,3.795707267,1425,49.13793103448276,3
강서구,발산1동,33632.1487,0,29,2988.640901,11.25332545,319,47,629,65,3,68,36236,5134,7.05804441,995,34.310344827586206,3
강서구,공항동,34270.64919,8,26,2836.571697,12.08171442,374,44,633,62,5,67,30927,4428,6.984417344,1051,32.42307692307692,3
강서구,방화1동,33785.89164,0,29,3558.968689,9.493169115,351,35,928,43,5,48,42851,7050,6.078156028,1314,45.310344827586206,0
강서구,방화2동,27468.11392,0,29,3365.707457,8.161170948,684,40,847,36,4,40,23371,5039,4.638023417,1571,54.172413793103445,3
강서구,방화3동,15509.00638,0,29,2294.328939,6.759713532,940,38,921,20,1,21,22544,5537,4.071518873,1899,65.48275862068965,0
강서구,화곡1동,44839.24932,0,29,5249.033052,8.542382734,576,64,1447,27,1,28,52647,8740,6.023684211,2087,71.96551724137932,0
강서구,우장산동,34302.52757,0,29,3497.898045,9.806611607,196,14,786,27,2,29,42883,6214,6.901029932,996,34.3448275862069,0
구로구,신도림동,33482.76583,21,24,2919.746572,11.46769591,65,18,572,41,1,42,36138,4995,7.234834835,655,6.291666666666668,3
구로구,구로1동,15900.71574,0,29,1493.803996,10.64444585,34,11,358,21,0,21,20936,2862,7.315164221,403,13.89655172413793,1
구로구,구로3동,38619.4481,0,29,2369.433265,16.29902335,152,24,634,44,3,47,25055,3638,6.887025838,810,27.93103448275862,3
구로구,구로4동,18712.75244,0,29,2441.586448,7.664177716,421,36,976,19,1,20,23052,4859,4.744186047,1433,49.41379310344828,3
구로구,구로5동,32867.29768,0,29,3187.484053,10.31136066,224,31,877,33,4,37,31740,5027,6.313904913,1132,39.03448275862069,3
구로구,고척1동,23811.20126,0,29,2658.440253,8.956831449,186,30,744,31,0,31,25636,4563,5.618233618,960,33.10344827586207,3
구로구,고척2동,15054.95756,0,29,1996.859003,7.539319269,398,41,946,37,0,37,26557,5554,4.781598848,1385,47.758620689655174,0
구로구,개봉2동,23403.94334,0,29,3177.692832,7.365074153,291,27,873,25,1,26,30665,6795,4.512877116,1191,41.06896551724138,0
구로구,개봉3동,15799.82559,0,29,2213.536887,7.137818974,203,37,752,21,0,21,20251,4465,4.53549832,992,34.206896551724135,3
구로구,오류1동,16624.17716,0,29,1823.96824,9.114290917,404,45,665,14,2,16,23126,4181,5.531212629,1114,38.41379310344828,3
구로구,수궁동,21692.27476,0,29,2664.854226,8.140135601,251,59,800,43,8,51,23332,4723,4.940080457,1110,38.275862068965516,3
구로구,가리봉동,10490.32725,4,29,827.4279543,12.67823645,285,15,543,9,2,11,12653,2169,5.833563854,843,25.06896551724138,1
구로구,구로2동,32537.61716,0,29,3714.251339,8.760208772,465,50,1187,39,0,39,30093,6114,4.921982336,1702,58.689655172413794,0
구로구,개봉1동,29515.26898,0,29,3962.50739,7.44863443,446,40,1138,42,1,43,34105,6727,5.069867697,1624,56.0,0
구로구,오류2동,49008.3353,0,29,5333.04939,9.189552113,438,53,1053,59,3,62,38528,7426,5.188257474,1544,53.241379310344826,0
금천구,가산동,56919.83595,10,20,2335.138214,24.37536057,264,25,526,104,5,109,26569,2829,9.39165783,815,30.75,1
금천구,독산1동,38697.43509,0,29,3254.650301,11.88989032,512,90,839,70,1,71,47573,6211,7.659475125,1441,49.689655172413794,0
금천구,독산2동,13099.05366,0,29,1616.767858,8.102000295,399,62,660,8,0,8,19562,3680,5.31576087,1121,38.6551724137931,3
금천구,독산3동,17881.46132,0,29,1998.073834,8.949349626,381,74,861,22,0,22,27239,4884,5.577190827,1316,45.37931034482759,3
금천구,독산4동,11336.4652,0,29,1249.579181,9.072226373,252,42,498,14,0,14,16432,3085,5.326418152,792,27.310344827586206,1
금천구,시흥1동,26598.58693,0,29,3098.670735,8.583870057,565,121,1183,43,1,44,34054,6533,5.212612888,1869,64.44827586206897,0
금천구,시흥2동,14243.69851,0,29,1736.12903,8.204285664,447,84,468,18,0,18,20832,4296,4.849162011,999,34.44827586206897,3
금천구,시흥3동,9578.626357,0,29,1088.366192,8.80092236,125,41,382,16,0,16,10701,2471,4.33063537,548,18.896551724137932,1
금천구,시흥4동,10706.91111,0,29,1466.297581,7.302004207,410,76,611,24,0,24,20614,4407,4.67755843,1097,37.827586206896555,3
금천구,시흥5동,11210.35099,0,29,1687.889335,6.641638615,574,107,746,36,0,36,19242,4532,4.24580759,1427,49.206896551724135,3
영등포구,여의동,98308.87401,0,29,6496.172497,15.13335338,39,8,917,64,5,69,32923,6371,5.167634594,964,33.241379310344826,0
영등포구,당산1동,23582.93991,0,29,2084.625597,11.31279398,209,21,661,21,2,23,20740,3503,5.920639452,891,30.724137931034484,3
영등포구,당산2동,37489.5006,0,29,2974.626029,12.60309707,89,11,654,45,5,50,37102,4853,7.645167937,754,26.0,3
영등포구,양평1동,19131.85916,0,29,1617.909548,11.82504868,115,10,467,22,0,22,18704,2441,7.662433429,592,20.413793103448278,1
영등포구,양평2동,27485.68718,0,29,1793.992479,15.3209601,101,11,375,32,3,35,22583,2636,8.567147193,487,16.79310344827586,1
영등포구,신길1동,18334.294,0,29,2208.667755,8.301064728,362,36,790,22,0,22,20483,3607,5.678680344,1188,40.96551724137931,3
영등포구,신길3동,13150.23511,0,29,1560.97997,8.424345833,263,30,573,24,0,24,17281,3298,5.239842329,866,29.862068965517242,3
영등포구,신길4동,7462.227734,0,29,1000.307592,7.459933119,313,12,388,12,0,12,13016,2468,5.273905997,713,24.586206896551722,1
영등포구,신길5동,9694.674396,0,29,1090.522613,8.889934316,217,15,331,19,1,20,11212,2134,5.25398313,563,19.413793103448278,1
영등포구,신길6동,19888.45001,0,29,1988.690355,10.00077763,213,19,552,24,3,27,19593,3482,5.626938541,784,27.03448275862069,3
영등포구,신길7동,17473.77745,0,29,1717.49675,10.17397992,97,21,326,32,0,32,19899,2668,7.458395802,444,15.310344827586206,1
영등포구,대림1동,14961.22526,0,29,1886.840829,7.929246089,254,22,578,16,0,16,16506,3309,4.988213962,854,29.448275862068964,3
영등포구,대림2동,19166.42564,0,29,1943.179542,9.863435273,240,16,570,12,0,12,17523,3194,5.48622417,826,28.482758620689655,1
영등포구,대림3동,23724.23386,0,29,2539.35697,9.342614741,317,19,772,39,2,41,25205,4766,5.288501888,1108,38.206896551724135,3
영등포구,영등포본동,18796.36235,0,29,1983.671121,9.475543676,431,20,813,19,3,22,22714,4390,5.174031891,1264,43.58620689655172,3
영등포구,영등포동,49607.80631,6,29,3785.748278,13.10383118,594,26,697,47,1,48,30461,3452,8.824159907,1317,39.41379310344828,3
영등포구,도림동,14478.38581,8,24,1698.596428,8.523734991,327,37,554,24,0,24,19600,3394,5.774896877,918,30.25,3
영등포구,문래동,37664.77295,0,29,3532.85215,10.6612933,116,13,682,42,0,42,32540,4844,6.71758877,811,27.96551724137931,3
동작구,노량진2동,17718.98773,0,29,1948.702135,9.092712228,302,31,470,12,1,13,11234,2255,4.981818182,803,27.689655172413794,1
동작구,상도1동,43780.4049,3,29,4581.940277,9.554992483,459,51,1000,45,3,48,46166,7371,6.263193597,1510,49.06896551724138,0
동작구,상도2동,20403.71841,0,29,2195.167154,9.294835873,157,31,630,35,1,36,27982,4407,6.349444066,818,28.20689655172414,3
동작구,상도3동,16516.39356,0,29,2197.723833,7.515227035,298,41,754,33,0,33,24456,4621,5.292360961,1093,37.689655172413794,3
동작구,상도4동,18707.00631,0,29,2337.319124,8.00361667,403,41,1009,33,0,33,28564,5357,5.332088856,1453,50.10344827586207,0
동작구,사당1동,22714.89265,0,29,2286.856263,9.932802956,241,25,677,12,3,15,23009,3896,5.905800821,943,32.51724137931034,3
동작구,사당3동,18666.81161,0,29,2488.715806,7.500579842,153,24,622,26,1,27,24189,4665,5.185209003,799,27.551724137931036,3
동작구,사당4동,13388.10223,0,29,1669.430066,8.01956458,182,21,455,4,0,4,14185,2777,5.108030248,658,22.689655172413794,1
동작구,사당5동,11030.54994,0,29,1315.923826,8.382362049,126,15,400,24,0,24,14434,2448,5.89624183,541,18.655172413793103,1
동작구,대방동,40200.20753,16,27,4189.491594,9.595485903,475,41,827,53,1,54,37056,5818,6.369199037,1343,33.74074074074074,0
동작구,신대방1동,17750.75316,0,29,1913.859865,9.274844769,230,21,674,15,0,15,25118,4093,6.136818959,925,31.896551724137932,3
동작구,신대방2동,23050.80455,0,29,2567.125016,8.979229451,169,17,513,27,0,27,22445,3468,6.472029988,699,24.103448275862068,3
동작구,흑석동,35234.99316,11,23,2970.545083,11.86145713,243,29,727,48,2,50,30694,5271,5.823183457,999,32.43478260869565,3
동작구,노량진1동,35414.59213,0,29,3154.285126,11.22745431,423,44,922,52,6,58,32114,5957,5.390968608,1389,47.89655172413793,0
동작구,사당2동,31741.63888,0,29,3939.683937,8.05689984,244,32,855,30,4,34,28786,5827,4.940106401,1131,39.0,0
관악구,보라매동,17398.33657,0,29,1933.877037,8.996609523,334,42,787,25,0,25,24660,4667,5.283908292,1163,40.10344827586207,3
관악구,청림동,11007.88808,0,29,1392.987315,7.902360604,235,23,424,8,0,8,15005,2838,5.287174066,682,23.517241379310345,1
관악구,행운동,22757.47293,0,29,2293.257306,9.923645667,375,46,718,15,1,16,29636,4532,6.539276258,1139,39.275862068965516,3
관악구,낙성대동,24095.03321,0,29,1529.839267,15.75004232,125,12,399,36,1,37,17928,2035,8.80982801,536,18.482758620689655,1
관악구,중앙동,14602.56141,0,29,1477.392837,9.884007181,219,14,462,14,1,15,15685,2401,6.532694711,695,23.96551724137931,1
관악구,인헌동,23345.96883,0,29,2253.114558,10.36164306,206,47,692,23,0,23,26119,4143,6.304368815,945,32.58620689655172,3
관악구,남현동,22992.71293,4,29,2470.149122,9.308228692,130,24,456,9,1,10,18163,2948,6.161126187,610,17.03448275862069,1
관악구,서원동,21347.37364,0,29,1895.951014,11.25945421,219,37,580,21,3,24,23511,3397,6.921106859,836,28.82758620689655,3
관악구,신원동,15668.32259,7,24,1641.658508,9.544203329,347,36,594,10,0,10,18620,3345,5.56651719,977,33.708333333333336,3
관악구,서림동,16879.12192,0,29,1648.319259,10.24020185,241,27,624,24,0,24,24361,3681,6.618038576,892,30.75862068965517,3
강남구,신사동,35078.21205,24,21,2748.379257,12.76323563,347,32,638,34,2,36,24719,3705,6.671794872,1017,24.42857142857143,3
관악구,신사동,19407.43212,24,21,1990.876255,9.748186039,347,32,638,34,2,36,24719,3705,6.671794872,1017,24.42857142857143,3
강남구,신사동,35078.21205,24,21,2748.379257,12.76323563,59,7,496,34,2,36,24719,3705,6.671794872,562,2.7619047619047628,3
관악구,신사동,19407.43212,24,21,1990.876255,9.748186039,59,7,496,34,2,36,24719,3705,6.671794872,562,2.7619047619047628,3
관악구,신림동,27480.86358,58,20,1960.013189,14.02075442,201,12,411,17,2,19,23877,2002,11.92657343,624,-26.8,1
관악구,난향동,9782.017093,0,29,1141.701494,8.567928784,210,30,372,15,0,15,15050,2847,5.286266245,612,21.103448275862068,1
관악구,조원동,27917.37288,0,29,2087.695203,13.37234134,241,17,530,26,0,26,20490,3127,6.552606332,788,27.17241379310345,1
관악구,대학동,35135.15287,0,29,2300.50469,15.2728021,223,27,625,53,0,53,26301,3184,8.260364322,875,30.17241379310345,1
관악구,은천동,27348.32488,0,29,3220.310659,8.492449262,551,73,895,41,1,42,33156,6116,5.42119032,1519,52.37931034482759,0
관악구,성현동,21283.1987,0,29,2663.346071,7.99115028,589,74,740,30,0,30,28830,5550,5.194594595,1403,48.37931034482759,0
관악구,청룡동,38678.66467,0,29,3343.094966,11.5697176,416,40,834,17,0,17,37132,4740,7.833755274,1290,44.48275862068966,3
관악구,난곡동,16143.89248,0,29,2142.586828,7.534766978,599,67,893,22,0,22,26679,5600,4.764107143,1559,53.758620689655174,0
관악구,삼성동,18724.55635,25,15,3021.973774,6.196134631,632,59,895,31,0,31,20642,5504,3.750363372,1586,80.73333333333333,0
관악구,미성동,20014.24122,0,29,2315.318639,8.644270765,359,56,950,35,0,35,30662,6085,5.038948233,1365,47.06896551724138,0
서초구,서초1동,30762.06885,0,29,2885.916937,10.65937431,122,21,500,35,2,37,20622,3145,6.557074722,643,22.17241379310345,1
서초구,서초2동,44449.60549,0,29,3007.67817,14.77871068,51,17,405,46,3,49,26932,3401,7.918847398,473,16.310344827586206,3
서초구,서초3동,62683.24257,0,29,4769.369595,13.14287797,99,22,716,75,3,78,32379,5013,6.459006583,837,28.862068965517242,3
서초구,서초4동,39336.7974,0,29,2885.099596,13.63446775,25,5,465,43,2,45,30521,4353,7.011486331,495,17.06896551724138,3
서초구,잠원동,30995.59528,41,20,2327.864028,13.31503684,94,22,507,24,3,27,26393,3404,7.753525264,623,-9.850000000000001,3
서초구,반포본동,4317.374995,0,29,388.0169116,11.12677017,0,0,3,3,2,5,292,41,7.12195122,3,0.10344827586206896,1
서초구,반포1동,31075.57025,0,29,2053.293117,15.13450271,126,15,595,22,4,26,34443,4141,8.317556146,736,25.379310344827587,3
서초구,반포2동,20761.96462,0,29,1701.091151,12.20508649,5,0,212,21,3,24,15742,2104,7.481939163,217,7.482758620689655,1
서초구,반포3동,26330.38934,0,29,2525.702493,10.42497658,7,9,443,15,1,16,22773,3273,6.957836847,459,15.827586206896552,1
서초구,반포4동,42794.56373,0,29,3895.099348,10.98677079,31,6,402,33,1,34,19486,3008,6.478058511,439,15.137931034482758,1
서초구,방배본동,16606.66227,0,29,1841.016312,9.020377582,75,17,441,21,0,21,20778,3207,6.478952292,533,18.379310344827587,1
서초구,방배1동,19631.5502,0,29,1996.018963,9.83535255,109,28,406,23,2,25,16883,2996,5.63518024,543,18.724137931034484,1
서초구,방배2동,19778.22114,0,29,2218.594147,8.914754044,203,46,489,35,4,39,18553,3552,5.223254505,738,25.448275862068964,3
서초구,방배3동,18858.13033,0,29,2212.374549,8.523932053,36,17,329,44,0,44,17321,3305,5.240847201,382,13.172413793103448,1
서초구,방배4동,26075.86892,0,29,2736.105601,9.530286006,111,21,521,28,2,30,23429,3604,6.500832408,653,22.517241379310345,3
서초구,양재1동,51607.28807,0,29,4647.790938,11.10361648,579,133,833,73,3,76,42683,7268,5.872729774,1545,53.275862068965516,0
서초구,양재2동,37225.63198,0,29,2605.384692,14.28795989,239,45,522,48,3,51,21766,3090,7.044012945,806,27.79310344827586,1
서초구,내곡동,25528.32398,10,25,2410.240033,10.59161064,149,51,412,63,0,63,17455,3442,5.071179547,612,14.48,3
강남구,신사동,35078.21205,24,21,2748.379257,12.76323563,347,32,638,34,2,36,15876,3078,5.157894737,1017,24.42857142857143,1
관악구,신사동,19407.43212,24,21,1990.876255,9.748186039,347,32,638,34,2,36,15876,3078,5.157894737,1017,24.42857142857143,1
강남구,신사동,35078.21205,24,21,2748.379257,12.76323563,59,7,496,34,2,36,15876,3078,5.157894737,562,2.7619047619047628,1
관악구,신사동,19407.43212,24,21,1990.876255,9.748186039,59,7,496,34,2,36,15876,3078,5.157894737,562,2.7619047619047628,1
강남구,논현1동,40786.36371,0,29,2520.283011,16.18324749,153,4,652,18,3,21,22080,2981,7.406910433,809,27.896551724137932,1
강남구,논현2동,44684.99482,0,29,2981.156842,14.98914589,80,3,584,26,4,30,20814,3192,6.520676692,667,23.0,1
강남구,삼성1동,37552.5182,0,29,2013.561005,18.64980406,21,3,328,34,7,41,12739,2214,5.753839205,352,12.137931034482758,1
강남구,삼성2동,39089.71337,0,29,2694.581041,14.50678706,96,13,663,22,2,24,31062,3912,7.940184049,772,26.620689655172413,3
강남구,대치1동,29292.31898,0,29,1937.652793,15.11742407,2,2,208,16,6,22,23846,2690,8.864684015,212,7.310344827586207,1
강남구,대치4동,39571.49501,0,29,1905.159025,20.77070444,105,7,449,15,2,17,19491,2085,9.348201439,561,19.344827586206897,1
강남구,역삼1동,99278.9914,0,29,4538.236724,21.87611565,197,8,878,51,9,60,35556,3695,9.622733424,1083,37.3448275862069,3
강남구,역삼2동,52170.14618,0,29,2994.85271,17.41993721,81,6,644,26,1,27,37269,3906,9.541474654,731,25.20689655172414,3
강남구,도곡1동,36389.65697,0,29,3444.007951,10.56607809,33,7,437,21,3,24,21274,3124,6.809859155,477,16.448275862068964,1
강남구,도곡2동,28596.43854,0,29,2657.912561,10.75898394,16,2,643,20,3,23,32846,5129,6.403977384,661,22.79310344827586,3
강남구,개포1동,8277.465083,0,29,898.5911142,9.211603534,57,15,335,15,0,15,6922,1677,4.127608825,407,14.03448275862069,1
강남구,개포4동,16339.44627,0,29,1440.55105,11.34249721,143,14,621,28,0,28,23639,3493,6.76753507,778,26.82758620689655,3
강남구,일원본동,24230.04317,0,29,3026.789592,8.005195746,22,4,477,27,6,33,23015,3383,6.803133314,503,17.344827586206897,3
강남구,일원1동,14498.10377,0,29,1943.239654,7.460790407,417,30,1011,15,2,17,14987,3386,4.426166568,1458,50.275862068965516,3
강남구,수서동,22569.40895,9,22,3601.281418,6.267049512,1067,27,2051,17,4,21,14402,4935,2.918338399,3145,133.95454545454547,3
강남구,세곡동,46126.68172,10,29,4737.511435,9.736479238,359,32,1327,65,0,65,43382,6904,6.283603708,1718,49.241379310344826,0
강남구,압구정동,39770.21674,8,20,3530.801563,11.26379266,28,4,780,25,4,29,25902,5287,4.899186684,812,32.6,3
강남구,청담동,39833.06282,16,18,2876.250985,13.84895235,47,4,566,26,2,28,25489,3821,6.670766815,617,18.27777777777778,3
강남구,대치2동,48110.51922,0,29,3491.600807,13.77892889,33,4,557,33,5,38,37098,5342,6.944590041,594,20.482758620689655,3
강남구,개포2동,33725.94314,0,29,3591.616505,9.390184919,55,5,590,35,7,42,29032,3918,7.409903012,650,22.413793103448278,3
송파구,풍납1동,14153.25449,0,29,1914.338149,7.393288642,214,10,758,6,0,6,12910,2829,4.563449982,982,33.86206896551724,1
송파구,풍납2동,34239.54168,0,29,3834.791072,8.928658964,164,9,812,25,2,27,24426,4030,6.061042184,985,33.96551724137931,3
송파구,거여1동,11891.43053,0,29,1495.416277,7.951919954,187,18,627,7,1,8,12255,2500,4.902,832,28.689655172413794,1
송파구,거여2동,17019.23709,0,29,2230.269168,7.631023794,352,16,1128,10,0,10,23745,4283,5.544011207,1496,51.58620689655172,3
송파구,마천1동,11745.17408,0,29,1609.555433,7.29715413,493,22,1292,13,2,15,18618,4320,4.309722222,1807,62.310344827586206,3
송파구,마천2동,13681.4089,0,29,2102.675927,6.506665496,407,16,1517,12,0,12,18150,4193,4.328642976,1940,66.89655172413794,3
송파구,방이1동,17522.91903,0,29,1809.129195,9.685830661,75,8,370,10,1,11,15460,2331,6.632346632,453,15.620689655172415,1
송파구,방이2동,36015.63605,0,29,2739.313745,13.14768566,231,12,919,13,4,17,26354,3634,7.252063841,1162,40.06896551724138,3
송파구,오륜동,21649.32356,0,29,2692.686876,8.040044966,8,1,302,25,6,31,17804,3066,5.806914547,311,10.724137931034482,1
송파구,오금동,35420.49545,16,20,4007.665403,8.838186797,336,18,1389,39,4,43,38037,6820,5.577272727,1743,71.15,0
송파구,송파1동,27980.09851,0,29,2472.474865,11.31663618,160,8,715,14,3,17,24008,3632,6.610132159,883,30.448275862068964,3
송파구,송파2동,17414.29637,0,29,1806.066419,9.642112927,91,5,427,15,1,16,18947,3026,6.26140119,523,18.03448275862069,1
송파구,석촌동,27281.3465,3,30,2408.217488,11.32843966,266,17,1224,19,3,22,31602,4687,6.742479198,1507,47.233333333333334,3
송파구,삼전동,28343.26203,2,50,2589.504688,10.94543762,309,15,1141,14,2,16,29912,4160,7.190384615,1465,27.3,3
송파구,가락본동,36614.22712,0,29,3202.007276,11.43477324,184,10,867,26,3,29,25883,4006,6.461058412,1061,36.58620689655172,3
송파구,가락1동,30289.93888,0,29,3021.653361,10.02429308,47,13,464,10,1,11,27521,3815,7.213892529,524,18.06896551724138,3
송파구,가락2동,25436.76226,0,29,2974.747647,8.550897513,127,8,725,22,2,24,31670,4513,7.017504986,860,29.655172413793103,3
송파구,문정1동,20719.92244,0,29,1952.822779,10.61024209,109,9,504,16,1,17,19916,3208,6.208229426,622,21.448275862068964,1
송파구,문정2동,39551.12724,0,29,2778.625721,14.23406072,31,8,497,32,3,35,28841,4173,6.911334771,536,18.482758620689655,3
송파구,잠실본동,35986.65414,0,29,3131.688256,11.49113551,295,10,1017,13,0,13,16713,3010,5.552491694,1322,45.58620689655172,1
송파구,잠실4동,19997.07627,0,29,1919.232408,10.4193094,10,3,376,9,2,11,9427,2237,4.214126062,389,13.413793103448276,1
송파구,잠실6동,39964.74565,0,29,3310.042922,12.07378472,10,3,347,15,4,19,34876,3923,8.890135101,360,12.413793103448276,3
송파구,잠실7동,9780.089785,0,29,1497.579333,6.530598792,4,0,256,4,1,5,34143,6077,5.618397235,260,8.96551724137931,0
송파구,잠실2동,29969.87952,0,29,2202.19256,13.60910942,12,4,486,8,2,10,29102,4623,6.295046507,502,17.310344827586206,3
송파구,잠실3동,48109.39331,0,29,4225.783579,11.38472721,22,6,700,27,1,28,44613,3583,12.4512978,728,25.103448275862068,3
송파구,장지동,31531.14136,15,22,3158.414077,9.983219614,338,18,962,44,1,45,28358,3917,7.239724279,1318,44.90909090909091,3
송파구,위례동,44326.01069,0,29,2613.006484,16.96360532,185,21,469,62,0,62,21223,2977,7.128988915,675,23.275862068965516,1
강동구,강일동,49240.01226,13,25,5506.385605,8.942347265,586,76,585,48,1,49,33057,5784,5.715248963,1247,36.88,0
강동구,명일1동,25362.55621,0,29,3259.316941,7.781555665,129,18,618,23,1,24,25641,4268,6.007731959,765,26.379310344827587,3
강동구,명일2동,15719.41589,0,29,1844.318143,8.523158516,53,7,291,13,1,14,17327,2792,6.205945559,351,12.10344827586207,1
강동구,고덕1동,24721.7269,0,29,2080.058266,11.88511269,130,19,291,22,1,23,23919,3015,7.933333333,440,15.172413793103448,1
강동구,고덕2동,21308.43065,0,29,2232.094506,9.546383719,200,18,400,20,2,22,22764,3165,7.192417062,618,21.310344827586206,1
강동구,암사2동,14839.65408,0,29,1602.652411,9.259433909,50,5,408,7,1,8,15069,2524,5.970285261,463,15.96551724137931,1
강동구,암사3동,15306.33887,0,29,1531.180086,9.996432821,50,10,325,10,0,10,17481,2819,6.201135154,385,13.275862068965518,1
강동구,천호1동,31350.55333,0,29,4047.469717,7.745716589,519,60,914,17,1,18,26670,5453,4.890885751,1493,51.48275862068966,0
강동구,천호3동,26033.06999,0,29,3035.544971,8.576077852,509,52,860,12,2,14,26679,4826,5.528180688,1421,49.0,3
강동구,성내1동,23319.5622,0,29,2834.197228,8.227924988,77,8,470,21,0,21,19900,3193,6.232383339,555,19.137931034482758,1
강동구,성내2동,23714.99851,0,29,2918.285072,8.126347472,342,45,907,18,1,19,23528,4469,5.264712464,1294,44.62068965517241,3
강동구,성내3동,26286.06805,0,29,3063.767844,8.579654006,180,37,657,15,1,16,23071,4098,5.629819424,874,30.137931034482758,3
강동구,둔촌1동,4584.767638,0,29,548.4009253,8.360247816,1,0,1,9,1,10,73,11,6.636363636,2,0.06896551724137931,1
강동구,둔촌2동,27026.2149,0,29,3979.322536,6.791662313,169,31,634,30,3,33,24277,4250,5.712235294,834,28.75862068965517,3
강동구,암사1동,25105.68955,0,29,3103.78853,8.088724252,547,72,1095,15,0,15,34271,6303,5.437252102,1714,59.10344827586207,0
강동구,천호2동,43363.50955,0,29,5166.347522,8.393455795,658,55,1086,26,0,26,33825,6140,5.508957655,1799,62.03448275862069,0
강동구,길동,55177.68653,13,20,7357.373106,7.499645015,461,52,1401,36,1,37,45374,8478,5.351969804,1914,82.7,0
