시군구명,읍면동명,지하철역명,District,Longitude,Latitude
종로구,경운동,안국,종로1.2.3.4가동,126.99028726084354,37.574435539666744
종로구,적선동,경복궁(정부서울청사),사직동,126.96884605608865,37.57618696588561
종로구,묘동,종로3가,종로1.2.3.4가동,126.99028726084354,37.574435539666744
종로구,숭인동,동묘앞,숭인1동,127.01564523867643,37.577829849675894
종로구,숭인동,창신,숭인1동,127.01564523867643,37.577829849675894
종로구,창신동,창신,창신3동,127.01503392981843,37.57788038478704
종로구,동숭동,혜화,이화동,127.00433805247364,37.57699468402387
종로구,명륜4가,혜화,혜화동,127.0006204504988,37.586855235994356
종로구,종로6가,동대문,종로5.6가동,127.00507129056305,37.572031975843586
종로구,공평동,종각,종로1.2.3.4가동,126.99028726084354,37.574435539666744
종로구,묘동,,종로1.2.3.4가동,126.99028726084354,37.574435539666744
종로구,묘동,,종로1.2.3.4가동,126.99028726084354,37.574435539666744
종로구,돈의동,,종로1.2.3.4가동,126.99028726084354,37.574435539666744
종로구,돈의동,,종로1.2.3.4가동,126.99028726084354,37.574435539666744
종로구,묘동,,종로1.2.3.4가동,126.99028726084354,37.574435539666744
종로구,종로3가,,종로1.2.3.4가동,126.99028726084354,37.574435539666744
종로구,종로3가,,종로1.2.3.4가동,126.99028726084354,37.574435539666744
종로구,창신동,,창신1동,127.0163772681666,37.570737119685845
종로구,숭인동,,숭인1동,127.01564523867643,37.577829849675894
종로구,숭인동,,숭인2동,127.01996896627993,37.57487753969854
종로구,숭인동,동묘앞,숭인2동,127.01996896627993,37.57487753969854
종로구,종로2가,종각,종로1.2.3.4가동,126.99028726084354,37.574435539666744
종로구,숭인동,,숭인1동,127.01564523867643,37.577829849675894
종로구,창신동,,창신1동,127.0163772681666,37.570737119685845
종로구,창신동,,창신2동,127.01087193533141,37.574482290328575
종로구,종로2가,,종로1.2.3.4가동,126.99028726084354,37.574435539666744
종로구,낙원동,,종로1.2.3.4가동,126.99028726084354,37.574435539666744
종로구,종로3가,종로3가,종로1.2.3.4가동,126.99028726084354,37.574435539666744
종로구,숭인동,신설동,숭인2동,127.01996896627993,37.57487753969854
종로구,종로4가,,종로1.2.3.4가동,126.99028726084354,37.574435539666744
종로구,창신동,동대문,창신1동,127.0163772681666,37.570737119685845
종로구,숭인동,,숭인2동,127.01996896627993,37.57487753969854
종로구,종로5가,,종로5.6가동,127.00507129056305,37.572031975843586
종로구,종로2가,,종로1.2.3.4가동,126.99028726084354,37.574435539666744
종로구,묘동,종로3가,종로1.2.3.4가동,126.99028726084354,37.574435539666744
중구,봉래동2가,서울역,회현동,126.97935667015034,37.55729358571407
중구,충정로1가,서대문,소공동,126.97978948415194,37.56389256147569
중구,흥인동,창신,신당동,127.01450559046833,37.56211663517015
중구,봉래동2가,서울역,회현동,126.97935667015034,37.55729358571407
중구,봉래동2가,서울역,회현동,126.97935667015034,37.55729358571407
중구,을지로4가,을지로4가,을지로동,126.99135225472774,37.566701478579624
중구,신당동,청구,청구동,127.0147173750815,37.55703138185664
중구,중림동,충정로(경기대입구),중림동,126.9661775921768,37.559168224091685
중구,충정로1가,서대문,소공동,126.97978948415194,37.56389256147569
중구,필동1가,충무로,필동,126.99559954243827,37.56016408324306
중구,남대문로2가,을지로입구,명동,126.98581171546633,37.56004798513031
중구,봉래동2가,서울역,회현동,126.97935667015034,37.55729358571407
중구,장충동2가,동대입구,장충동,127.00785943700775,37.56191183742461
중구,정동,시청,소공동,126.97978948415194,37.56389256147569
중구,신당동,버티고개,약수동,127.00900370980592,37.55243326328505
중구,회현동1가,회현(남대문시장),회현동,126.97935667015034,37.55729358571407
중구,서소문동,시청,소공동,126.97978948415194,37.56389256147569
중구,을지로3가,을지로3가,을지로동,126.99135225472774,37.566701478579624
중구,을지로4가,을지로4가,을지로동,126.99135225472774,37.566701478579624
중구,남대문로5가,,회현동,126.97935667015034,37.55729358571407
중구,황학동,창신,황학동,127.02141131718516,37.56748552210743
중구,신당동,약수,약수동,127.00900370980592,37.55243326328505
중구,태평로1가,시청,명동,126.98581171546633,37.56004798513031
중구,을지로7가,동대문역사문화공원,광희동,127.00505266779864,37.56446721686456
중구,봉래동2가,,회현동,126.97935667015034,37.55729358571407
중구,남대문로5가,서울역,회현동,126.97935667015034,37.55729358571407
중구,을지로1가,을지로입구,명동,126.98581171546633,37.56004798513031
중구,회현동1가,회현(남대문시장),회현동,126.97935667015034,37.55729358571407
중구,흥인동,,신당동,127.01450559046833,37.56211663517015
중구,광희동1가,,광희동,127.00505266779864,37.56446721686456
중구,충무로2가,,명동,126.98581171546633,37.56004798513031
중구,충무로2가,,명동,126.98581171546633,37.56004798513031
중구,서소문동,시청,소공동,126.97978948415194,37.56389256147569
중구,을지로2가,을지로3가,명동,126.98581171546633,37.56004798513031
중구,신당동,청구,신당동,127.01450559046833,37.56211663517015
중구,남창동,회현(남대문시장),회현동,126.97935667015034,37.55729358571407
용산구,한강로3가,용산,한강로동,126.96910588830355,37.52814221077219
용산구,한강로3가,용산,한강로동,126.96910588830355,37.52814221077219
용산구,한강로1가,삼각지,한강로동,126.96910588830355,37.52814221077219
용산구,용산동5가,이촌(국립중앙박물관),한강로동,126.96910588830355,37.52814221077219
용산구,용산동5가,이촌(국립중앙박물관),한강로동,126.96910588830355,37.52814221077219
용산구,한강로2가,신용산,한강로동,126.96910588830355,37.52814221077219
용산구,동자동,서울역,남영동,126.97336800305129,37.54284397575442
용산구,한남동,한강진,한남동,127.00055213243787,37.53462985578658
용산구,서빙고동,서빙고,서빙고동,126.99463808843306,37.52046238128448
용산구,한강로1가,삼각지,한강로동,126.96910588830355,37.52814221077219
용산구,갈월동,숙대입구(갈월),남영동,126.97336800305129,37.54284397575442
용산구,한강로1가,삼각지,한강로동,126.96910588830355,37.52814221077219
용산구,한강로1가,삼각지,한강로동,126.96910588830355,37.52814221077219
용산구,서빙고동,서빙고,서빙고동,126.99463808843306,37.52046238128448
용산구,용문동,효창공원앞,용문동,126.95988277389486,37.537686444944676
용산구,한강로2가,신용산,한강로동,126.96910588830355,37.52814221077219
용산구,용산동2가,녹사평(용산구청),용산2가동,126.98556992915505,37.54613294273854
용산구,용산동5가,이촌(국립중앙박물관),이촌1동,126.97331680470317,37.521396531912345
용산구,한강로1가,삼각지,한강로동,126.96910588830355,37.52814221077219
용산구,용산동5가,이촌(국립중앙박물관),한강로동,126.96910588830355,37.52814221077219
용산구,한강로1가,삼각지,한강로동,126.96910588830355,37.52814221077219
용산구,이태원동,이태원,이태원1동,126.99509883211971,37.5325069970379
성동구,행당동,왕십리(성동구청),행당1동,127.03620337239582,37.558504384172046
성동구,옥수동,옥수,옥수동,127.0134338126595,37.54358863837599
성동구,용답동,답십리,용답동,127.05557905276898,37.56407582442792
성동구,금호동4가,금호,금호4가동,127.02240132684157,37.54719127436341
성동구,용답동,,용답동,127.05557905276898,37.56407582442792
성동구,성수동2가,성수,성수2가3동,127.05525042193406,37.5482184239163
성동구,성수동1가,서울숲,성수1가1동,127.04965160052562,37.542079700811996
성동구,하왕십리동,상왕십리,왕십리2동,127.03050479092835,37.561108073176435
성동구,행당동,한양대,사근동,127.04532733171415,37.561499751575745
성동구,홍익동,상왕십리,왕십리도선동,127.02553162526321,37.56788114107694
성동구,행당동,왕십리(성동구청),행당1동,127.03620337239582,37.558504384172046
성동구,성수동1가,서울숲,성수1가1동,127.04965160052562,37.542079700811996
성동구,행당동,왕십리(성동구청),행당1동,127.03620337239582,37.558504384172046
성동구,성수동1가,뚝섬,성수1가2동,127.0500491728075,37.54776303571764
성동구,성수동1가,뚝섬,성수1가2동,127.0500491728075,37.54776303571764
성동구,행당동,행당,행당2동,127.0293401659,37.55826482191124
성동구,옥수동,옥수,옥수동,127.0134338126595,37.54358863837599
성동구,용답동,장한평,용답동,127.05557905276898,37.56407582442792
성동구,금호동4가,금호,금호4가동,127.02240132684157,37.54719127436341
성동구,성수동2가,성수,성수2가3동,127.05525042193406,37.5482184239163
성동구,금호동1가,신금호,금호1가동,127.0216385795996,37.55487152614634
광진구,중곡동,군자(능동),중곡2동,127.08152630769125,37.56029459344071
광진구,광장동,광나루(장신대),광장동,127.10303485977407,37.54692499880753
광진구,중곡동,중곡,중곡3동,127.08020894219338,37.56879369024624
광진구,자양동,건대입구,자양4동,127.06630523665609,37.53413911895597
광진구,자양동,뚝섬유원지,자양3동,127.072916909255,37.53383608948087
광진구,군자동,군자(능동),군자동,127.07590279558775,37.555144639227805
광진구,구의동,아차산(어린이대공원후문),능동,127.08053688713554,37.55377926095622
광진구,화양동,건대입구,화양동,127.07136761473575,37.546476261142864
광진구,능동,어린이대공원(세종대),능동,127.08053688713554,37.55377926095622
광진구,능동,어린이대공원(세종대),군자동,127.07590279558775,37.555144639227805
광진구,구의동,구의(광진구청),구의1동,127.08478916501296,37.543187750126094
광진구,화양동,건대입구,화양동,127.07136761473575,37.546476261142864
광진구,광장동,광나루(장신대),광장동,127.10303485977407,37.54692499880753
동대문구,휘경동,회기,휘경1동,127.06579124432037,37.59296725363674
동대문구,이문동,신이문,이문2동,127.06511640767623,37.603379479365486
동대문구,이문동,신이문,이문2동,127.06511640767623,37.603379479365486
동대문구,신설동,신설동,용신동,127.03726228192635,37.57580677816467
동대문구,신설동,신설동,용신동,127.03726228192635,37.57580677816467
동대문구,신설동,신설동,용신동,127.03726228192635,37.57580677816467
동대문구,이문동,신이문,이문2동,127.06511640767623,37.603379479365486
동대문구,전농동,청량리(서울시립대입구),전농1동,127.04770565866431,37.57804108959499
동대문구,휘경동,회기,휘경1동,127.06579124432037,37.59296725363674
동대문구,신설동,신설동,용신동,127.03726228192635,37.57580677816467
동대문구,전농동,청량리(서울시립대입구),전농1동,127.04770565866431,37.57804108959499
동대문구,제기동,제기동,제기동,127.03781841472248,37.583115463995185
동대문구,장안동,장한평,장안1동,127.06643470060439,37.56783277377976
동대문구,답십리동,답십리,답십리1동,127.05010464185966,37.569765360117536
동대문구,제기동,고려대(종암),제기동,127.03781841472248,37.583115463995185
동대문구,답십리동,,답십리1동,127.05010464185966,37.569765360117536
동대문구,신설동,,용신동,127.03726228192635,37.57580677816467
동대문구,용두동,용두(동대문구청),용신동,127.03726228192635,37.57580677816467
동대문구,용두동,용두(동대문구청),용신동,127.03726228192635,37.57580677816467
중랑구,상봉동,상봉(시외버스터미널),상봉1동,127.08721335595949,37.599847752885864
중랑구,신내동,신내,망우본동,127.10149623606354,37.60057154261959
중랑구,망우동,신내,망우본동,127.10149623606354,37.60057154261959
중랑구,상봉동,망우,상봉1동,127.08721335595949,37.599847752885864
중랑구,면목동,사가정,면목7동,127.08698527285354,37.57901337810113
중랑구,상봉동,상봉(시외버스터미널),상봉2동,127.08328251615274,37.59250210813038
중랑구,상봉동,상봉(시외버스터미널),상봉1동,127.08721335595949,37.599847752885864
중랑구,신내동,봉화산(서울의료원),신내1동,127.09936528756043,37.605874780994256
중랑구,망우동,양원,망우본동,127.10149623606354,37.60057154261959
중랑구,묵동,먹골,묵1동,127.07848438732296,37.612413676315946
중랑구,중화동,중화,중화2동,127.07617317673738,37.60282866296335
중랑구,면목동,면목,면목본동,127.08748853813313,37.587280519198316
중랑구,신내동,봉화산(서울의료원),신내2동,127.09417892132915,37.606246637447555
중랑구,상봉동,망우,상봉1동,127.08721335595949,37.599847752885864
중랑구,망우동,양원,망우본동,127.10149623606354,37.60057154261959
중랑구,신내동,신내,신내1동,127.09936528756043,37.605874780994256
중랑구,면목동,용마산,면목4동,127.085626342164,37.57468959990683
성북구,종암동,고려대(종암),안암동,127.02136222611746,37.585833380628706
성북구,동선동1가,성신여대입구(돈암),동선동,127.02042247154486,37.59399653771089
성북구,보문동2가,보문,보문동,127.02280976990156,37.580380297758296
성북구,정릉동,정릉,정릉2동,127.01114809300374,37.604474500708825
성북구,정릉동,북한산보국문,정릉4동,127.00699953542005,37.6133765955324
성북구,정릉동,북한산보국문,정릉4동,127.00699953542005,37.6133765955324
성북구,길음동,길음,길음1동,127.01950278200795,37.61039832392342
성북구,삼선동1가,한성대입구(삼선교),삼선동,127.01467420944992,37.59083671246933
성북구,안암동5가,안암(고대병원앞),안암동,127.02136222611746,37.585833380628706
성북구,석관동,석계,석관동,127.06143701887393,37.61298239556146
성북구,장위동,돌곶이,장위2동,127.05451864775776,37.61240555774102
성북구,성북동1가,한성대입구(삼선교),성북동,127.00327906111706,37.59105021324482
성북구,길음동,길음,길음1동,127.01950278200795,37.61039832392342
성북구,하월곡동,월곡(동덕여대),월곡2동,127.04788645493356,37.60579156949435
성북구,정릉동,정릉,정릉1동,127.01665578077184,37.601446524312756
성북구,동소문동5가,성신여대입구(돈암),삼선동,127.01467420944992,37.59083671246933
성북구,상월곡동,상월곡(한국과학기술연구원),월곡2동,127.04788645493356,37.60579156949435
강북구,미아동,삼양사거리,송천동,127.02386795319367,37.61830820181232
강북구,수유동,가오리,인수동,127.01062789266521,37.641490711184005
강북구,미아동,솔샘,삼각산동,127.02083597831674,37.6150544065232
강북구,우이동,북한산우이,우이동,127.00189499221491,37.663269731120074
강북구,우이동,솔밭공원,우이동,127.00189499221491,37.663269731120074
강북구,미아동,미아사거리,송중동,127.0337938241709,37.61612898935126
강북구,우이동,북한산우이,우이동,127.00189499221491,37.663269731120074
강북구,우이동,4.19민주묘지,우이동,127.00189499221491,37.663269731120074
강북구,우이동,4.19민주묘지,우이동,127.00189499221491,37.663269731120074
강북구,미아동,솔샘,삼각산동,127.02083597831674,37.6150544065232
강북구,미아동,미아(서울사이버대학),미아동,127.02706077667905,37.62708312940752
강북구,우이동,4.19민주묘지,우이동,127.00189499221491,37.663269731120074
강북구,수유동,가오리,수유2동,127.01993324444145,37.64466097042541
강북구,수유동,화계,수유1동,127.01760923818316,37.63005817372584
강북구,미아동,미아사거리,송중동,127.0337938241709,37.61612898935126
강북구,미아동,솔샘,삼양동,127.01838797999687,37.62734428383054
강북구,번동,수유(강북구청),번1동,127.0305814215717,37.63776075355172
강북구,미아동,삼양,삼양동,127.01838797999687,37.62734428383054
강북구,미아동,미아(서울사이버대학),미아동,127.02706077667905,37.62708312940752
강북구,미아동,삼양,삼양동,127.01838797999687,37.62734428383054
강북구,수유동,화계,수유1동,127.01760923818316,37.63005817372584
도봉구,도봉동,도봉,도봉2동,127.04654920347146,37.66971518632491
도봉구,방학동,방학,방학1동,127.04067939030433,37.664235791344225
도봉구,방학동,방학,방학1동,127.04067939030433,37.664235791344225
도봉구,방학동,방학,방학1동,127.04067939030433,37.664235791344225
도봉구,방학동,방학,방학1동,127.04067939030433,37.664235791344225
도봉구,창동,창동,창4동,127.04541886673523,37.659970618358386
도봉구,창동,녹천,창1동,127.04382993743857,37.648373773131134
도봉구,창동,녹천,창4동,127.04541886673523,37.659970618358386
도봉구,도봉동,도봉산,도봉2동,127.04654920347146,37.66971518632491
도봉구,창동,쌍문,창1동,127.04382993743857,37.648373773131134
도봉구,쌍문동,솔밭공원,쌍문1동,127.02608027919543,37.648029450758486
도봉구,창동,녹천,창1동,127.04382993743857,37.648373773131134
도봉구,창동,녹천,창4동,127.04541886673523,37.659970618358386
도봉구,방학동,방학,방학1동,127.04067939030433,37.664235791344225
도봉구,창동,창동,창4동,127.04541886673523,37.659970618358386
도봉구,창동,창동,창5동,127.04358074482582,37.656298909711985
도봉구,도봉동,도봉산,도봉2동,127.04654920347146,37.66971518632491
도봉구,도봉동,도봉산,도봉2동,127.04654920347146,37.66971518632491
도봉구,도봉동,도봉,도봉2동,127.04654920347146,37.66971518632491
도봉구,도봉동,도봉,도봉2동,127.04654920347146,37.66971518632491
노원구,하계동,하계,하계2동,127.0679781735031,37.63204009452397
노원구,월계동,석계,월계1동,127.06300131117236,37.61989034811612
노원구,월계동,석계,월계1동,127.06300131117236,37.61989034811612
노원구,월계동,,월계2동,127.0507448981587,37.63249204970492
노원구,상계동,마들,상계9동,127.06384145813746,37.66452825892029
노원구,상계동,마들,상계10동,127.06027544619836,37.661261375736004
노원구,중계동,중계,중계2.3동,127.06873516173235,37.64211266811243
노원구,하계동,하계,하계1동,127.07258146476586,37.64054625577194
노원구,상계동,노원,상계2동,127.06788803339256,37.65748032538832
노원구,공릉동,화랑대(서울여대입구),공릉2동,127.08329651641624,37.621308535361855
노원구,상계동,마들,상계8동,127.05157520419306,37.666743464686554
노원구,상계동,수락산,상계1동,127.0549489044653,37.67990705367882
노원구,공릉동,태릉입구,공릉1동,127.07382131176637,37.62483590103203
노원구,월계동,,월계1동,127.06300131117236,37.61989034811612
노원구,공릉동,태릉입구,공릉1동,127.07382131176637,37.62483590103203
노원구,월계동,,월계3동,127.0692594417589,37.621014877367806
노원구,월계동,,월계2동,127.0507448981587,37.63249204970492
노원구,월계동,,월계2동,127.0507448981587,37.63249204970492
노원구,공릉동,태릉입구,공릉1동,127.07382131176637,37.62483590103203
노원구,공릉동,공릉(서울과학기술대),공릉1동,127.07382131176637,37.62483590103203
노원구,하계동,하계,하계1동,127.07258146476586,37.64054625577194
노원구,중계동,중계,중계2.3동,127.06873516173235,37.64211266811243
노원구,상계동,노원,상계2동,127.06788803339256,37.65748032538832
노원구,상계동,노원,상계2동,127.06788803339256,37.65748032538832
노원구,중계동,,중계2.3동,127.06873516173235,37.64211266811243
노원구,상계동,,상계1동,127.0549489044653,37.67990705367882
노원구,상계동,노원,상계2동,127.06788803339256,37.65748032538832
노원구,상계동,노원,상계2동,127.06788803339256,37.65748032538832
노원구,상계동,수락산,상계1동,127.0549489044653,37.67990705367882
노원구,상계동,,상계1동,127.0549489044653,37.67990705367882
노원구,상계동,노원,상계2동,127.06788803339256,37.65748032538832
노원구,상계동,,상계1동,127.0549489044653,37.67990705367882
노원구,중계동,,중계2.3동,127.06873516173235,37.64211266811243
노원구,월계동,광운대,월계1동,127.06300131117236,37.61989034811612
노원구,공릉동,화랑대(서울여대입구),공릉2동,127.08329651641624,37.621308535361855
노원구,월계동,월계,월계2동,127.0507448981587,37.63249204970492
은평구,갈현동,구산,갈현2동,126.91584116534997,37.61856892142718
은평구,갈현동,연신내,갈현1동,126.91674168150115,37.62362229730654
은평구,응암동,응암,신사1동,126.9117699058142,37.59779273832438
은평구,진관동,,진관동,126.92106591288902,37.63496688251137
은평구,진관동,,진관동,126.92106591288902,37.63496688251137
은평구,불광동,독바위,불광1동,126.9320868678149,37.61035877069879
은평구,응암동,새절(신사),신사2동,126.9082235268078,37.59023972566066
은평구,진관동,,진관동,126.92106591288902,37.63496688251137
은평구,진관동,구파발,진관동,126.92106591288902,37.63496688251137
은평구,불광동,불광,불광1동,126.9320868678149,37.61035877069879
은평구,녹번동,역촌,녹번동,126.92991998280014,37.60221616097081
은평구,녹번동,녹번,녹번동,126.92991998280014,37.60221616097081
은평구,진관동,,창릉동,126.89928889180837,37.646482902061145
은평구,증산동,디지털미디어시티,증산동,126.90703977276561,37.58430306092341
은평구,응암동,녹번,응암1동,126.92678687355749,37.60069699112276
은평구,진관동,,진관동,126.92106591288902,37.63496688251137
은평구,진관동,,진관동,126.92106591288902,37.63496688251137
은평구,증산동,,증산동,126.90703977276561,37.58430306092341
서대문구,현저동,독립문,천연동,126.95840436592846,37.56748013604264
서대문구,남가좌동,가좌,남가좌1동,126.91978625354398,37.57327343428088
서대문구,신촌동,"신촌(경의중앙, 2호선)",신촌동,126.93927688481546,37.56515088211023
서대문구,북가좌동,증산(명지대앞),북가좌2동,126.91120495158435,37.58150598085826
서대문구,창천동,"신촌(경의중앙, 2호선)",신촌동,126.93927688481546,37.56515088211023
서대문구,홍제동,홍제,홍제3동,126.94974338256897,37.59378217899066
서대문구,충정로2가,서대문,충현동,126.95472045972106,37.564819040623895
서대문구,홍제동,홍제,홍제1동,126.9449740098365,37.58772178075043
서대문구,홍제동,무악재,홍제2동,126.94939526673107,37.58615242768815
서대문구,충정로3가,충정로(경기대입구),충현동,126.95472045972106,37.564819040623895
서대문구,신촌동,"신촌(경의중앙, 2호선)",신촌동,126.93927688481546,37.56515088211023
서대문구,북아현동,아현,북아현동,126.95690573733543,37.55957245461398
마포구,도화동,마포,용강동,126.94277604266684,37.54227449400425
마포구,상암동,,상암동,126.89468943321278,37.57832090509381
마포구,합정동,,합정동,126.91215018641681,37.55170535552962
마포구,상수동,,서강동,126.9320305511775,37.54774687230983
마포구,상수동,,서강동,126.9320305511775,37.54774687230983
마포구,성산동,,망원2동,126.90232505491558,37.560311170207655
마포구,상암동,,상암동,126.89468943321278,37.57832090509381
마포구,성산동,가좌,성산2동,126.90899709145033,37.56865612002697
마포구,동교동,홍대입구,서교동,126.91459072347962,37.55510931339116
마포구,동교동,홍대입구,서교동,126.91459072347962,37.55510931339116
마포구,상수동,상수,서강동,126.9320305511775,37.54774687230983
마포구,성산동,가좌,성산2동,126.90899709145033,37.56865612002697
마포구,공덕동,공덕,공덕동,126.96003451324378,37.55017434738842
마포구,아현동,애오개,공덕동,126.96003451324378,37.55017434738842
마포구,아현동,애오개,아현동,126.95590370163207,37.554483251679514
마포구,도화동,공덕,도화동,126.94988256330043,37.541549716235735
마포구,합정동,합정,합정동,126.91215018641681,37.55170535552962
마포구,아현동,아현,아현동,126.95590370163207,37.554483251679514
마포구,대흥동,,대흥동,126.94341748088685,37.54994771023627
마포구,상암동,디지털미디어시티,상암동,126.89468943321278,37.57832090509381
마포구,노고산동,"신촌(경의중앙, 2호선)",대흥동,126.94341748088685,37.54994771023627
마포구,도화동,마포,용강동,126.94277604266684,37.54227449400425
마포구,노고산동,서강대,대흥동,126.94341748088685,37.54994771023627
마포구,상암동,디지털미디어시티,상암동,126.89468943321278,37.57832090509381
마포구,상암동,디지털미디어시티,상암동,126.89468943321278,37.57832090509381
마포구,성산동,월드컵경기장(성산),성산2동,126.90899709145033,37.56865612002697
마포구,성산동,마포구청,성산2동,126.90899709145033,37.56865612002697
마포구,성산동,마포구청,성산2동,126.90899709145033,37.56865612002697
마포구,대흥동,이대,대흥동,126.94341748088685,37.54994771023627
마포구,망원동,망원,망원1동,126.90560418807725,37.55559621744154
마포구,창전동,광흥창(서강),서강동,126.9320305511775,37.54774687230983
마포구,노고산동,서강대,대흥동,126.94341748088685,37.54994771023627
마포구,성산동,가좌,성산2동,126.90899709145033,37.56865612002697
마포구,동교동,홍대입구,서교동,126.91459072347962,37.55510931339116
마포구,성산동,마포구청,성산2동,126.90899709145033,37.56865612002697
마포구,동교동,홍대입구,서교동,126.91459072347962,37.55510931339116
마포구,성산동,월드컵경기장(성산),성산2동,126.90899709145033,37.56865612002697
마포구,도화동,마포,용강동,126.94277604266684,37.54227449400425
마포구,공덕동,공덕,아현동,126.95590370163207,37.554483251679514
양천구,목동,염창,목2동,126.8717000412482,37.54613259960127
양천구,목동,오목교(목동운동장앞),목1동,126.87113876950467,37.53035368195863
양천구,신정동,양천구청,신정7동,126.85968767342912,37.51440010484428
양천구,신정동,신정네거리,신정3동,126.85479986821939,37.515122207950974
양천구,목동,등촌,목3동,126.86445585967762,37.54473336465985
양천구,목동,오목교(목동운동장앞),목1동,126.87113876950467,37.53035368195863
양천구,목동,염창,목2동,126.8717000412482,37.54613259960127
양천구,목동,신목동,목2동,126.8717000412482,37.54613259960127
양천구,목동,목동,목1동,126.87113876950467,37.53035368195863
양천구,목동,신목동,목2동,126.8717000412482,37.54613259960127
강서구,화곡동,우장산,우장산동,126.84179449483894,37.54819744680285
강서구,가양동,양천향교,가양1동,126.83492534942096,37.57188423770563
강서구,가양동,공항시장,가양1동,126.83492534942096,37.57188423770563
강서구,내발산동,발산,발산1동,126.82512699656547,37.55054536446922
강서구,화곡동,까치산,화곡1동,126.8416013030719,37.53039704721021
강서구,마곡동,마곡,공항동,126.79483817099285,37.55591341272746
강서구,방화동,김포공항,공항동,126.79483817099285,37.55591341272746
강서구,마곡동,마곡나루,가양1동,126.83492534942096,37.57188423770563
강서구,마곡동,마곡나루,가양1동,126.83492534942096,37.57188423770563
강서구,마곡동,마곡나루,방화1동,126.81749616956925,37.56866545658671
강서구,개화동,개화,방화2동,126.80673880485905,37.56671300076564
강서구,가양동,증미,가양3동,126.86054189258371,37.56105848293945
강서구,방화동,신방화,방화1동,126.81749616956925,37.56866545658671
강서구,화곡동,화곡,우장산동,126.84179449483894,37.54819744680285
강서구,마곡동,마곡나루,방화1동,126.81749616956925,37.56866545658671
강서구,공항동,송정,공항동,126.79483817099285,37.55591341272746
강서구,내발산동,발산,발산1동,126.82512699656547,37.55054536446922
강서구,염창동,염창,염창동,126.87098534896086,37.553736243141515
강서구,등촌동,발산,등촌3동,126.84792880294093,37.55888772806288
강서구,화곡동,,화곡8동,126.84836227238645,37.532633194908016
강서구,마곡동,신방화,방화1동,126.81749616956925,37.56866545658671
강서구,공항동,송정,공항동,126.79483817099285,37.55591341272746
강서구,방화동,방화,방화3동,126.81355003364565,37.578743210924834
강서구,등촌동,가양,등촌3동,126.84792880294093,37.55888772806288
강서구,가양동,가양,가양3동,126.86054189258371,37.56105848293945
강서구,마곡동,마곡,가양1동,126.83492534942096,37.57188423770563
강서구,방화동,개화산,방화2동,126.80673880485905,37.56671300076564
강서구,방화동,김포공항,공항동,126.79483817099285,37.55591341272746
강서구,공항동,공항시장,방화2동,126.80673880485905,37.56671300076564
강서구,마곡동,마곡나루,방화1동,126.81749616956925,37.56866545658671
강서구,마곡동,마곡,발산1동,126.82512699656547,37.55054536446922
강서구,방화동,김포공항,방화2동,126.80673880485905,37.56671300076564
강서구,등촌동,양천향교,가양1동,126.83492534942096,37.57188423770563
구로구,온수동,,수궁동,126.83147856339022,37.49390321679422
구로구,개봉동,개봉,개봉2동,126.85654294398566,37.49088009723622
구로구,온수동,온수(성공회대입구),수궁동,126.83147856339022,37.49390321679422
구로구,온수동,온수(성공회대입구),수궁동,126.83147856339022,37.49390321679422
구로구,온수동,온수(성공회대입구),수궁동,126.83147856339022,37.49390321679422
구로구,개봉동,개봉,개봉1동,126.8511464334611,37.50026550778234
구로구,구로동,구로,구로5동,126.88935294993047,37.500123666664315
구로구,오류동,오류동,오류1동,126.84505065622653,37.49709333827066
구로구,가리봉동,,가리봉동,126.88920266112314,37.48243495602108
구로구,가리봉동,,가리봉동,126.88920266112314,37.48243495602108
구로구,구로동,,구로3동,126.89033063276314,37.487348304030654
구로구,구로동,대림(구로구청),구로4동,126.88916194362048,37.49162880006584
구로구,오류동,오류동,오류2동,126.83950458361203,37.48881469609833
구로구,오류동,오류동,오류1동,126.84505065622653,37.49709333827066
구로구,온수동,온수(성공회대입구),수궁동,126.83147856339022,37.49390321679422
구로구,천왕동,천왕,오류2동,126.83950458361203,37.48881469609833
구로구,천왕동,천왕,오류2동,126.83950458361203,37.48881469609833
구로구,구로동,구로디지털단지,구로3동,126.89033063276314,37.487348304030654
구로구,구로동,구로디지털단지,구로3동,126.89033063276314,37.487348304030654
구로구,온수동,온수(성공회대입구),수궁동,126.83147856339022,37.49390321679422
구로구,온수동,온수(성공회대입구),수궁동,126.83147856339022,37.49390321679422
구로구,온수동,온수(성공회대입구),수궁동,126.83147856339022,37.49390321679422
구로구,구로동,구로,구로5동,126.88935294993047,37.500123666664315
구로구,신도림동,신도림,신도림동,126.88061022867365,37.507780905043674
구로구,구로동,신도림,구로5동,126.88935294993047,37.500123666664315
구로구,구로동,신도림,구로5동,126.88935294993047,37.500123666664315
금천구,가산동,가산디지털단지,가산동,126.89163476131107,37.47687618530204
금천구,가산동,가산디지털단지,가산동,126.89163476131107,37.47687618530204
금천구,시흥동,금천구청,시흥1동,126.90325068575228,37.45353926774916
금천구,독산동,금천구청,독산1동,126.897043364446,37.4702351736748
금천구,가산동,금천구청,가산동,126.89163476131107,37.47687618530204
금천구,가산동,가산디지털단지,가산동,126.89163476131107,37.47687618530204
금천구,가산동,,가산동,126.89163476131107,37.47687618530204
영등포구,여의도동,여의나루,여의동,126.93460076393592,37.51759001910157
영등포구,양평동5가,선유도,양평2동,126.89594587647893,37.537744724515335
영등포구,대림동,대림(구로구청),대림3동,126.8980588061171,37.49830786419587
영등포구,영등포동,영등포,영등포본동,126.90935224775124,37.514672109589846
영등포구,영등포동,영등포,영등포본동,126.90935224775124,37.514672109589846
영등포구,여의도동,여의도,여의동,126.93460076393592,37.51759001910157
영등포구,신길동,보라매,신길6동,126.90985472928638,37.499402265501345
영등포구,영등포동,영등포,영등포본동,126.90935224775124,37.514672109589846
영등포구,여의도동,샛강,여의동,126.93460076393592,37.51759001910157
영등포구,대림동,대림(구로구청),대림3동,126.8980588061171,37.49830786419587
영등포구,여의도동,샛강,여의동,126.93460076393592,37.51759001910157
영등포구,여의도동,국회의사당,여의동,126.93460076393592,37.51759001910157
영등포구,당산동6가,당산,당산2동,126.89731736540782,37.53103166936052
영등포구,당산동5가,당산,당산2동,126.89731736540782,37.53103166936052
영등포구,영등포동7가,영등포시장,영등포동,126.90759003155141,37.52379249719461
영등포구,신길동,신풍,신길6동,126.90985472928638,37.499402265501345
영등포구,신길동,신풍,신길6동,126.90985472928638,37.499402265501345
영등포구,신길동,신풍,신길5동,126.90523335905252,37.501640350871256
영등포구,당산동3가,영등포구청,당산1동,126.8973844956197,37.52497339384462
영등포구,당산동3가,,당산1동,126.8973844956197,37.52497339384462
영등포구,당산동5가,당산,당산2동,126.89731736540782,37.53103166936052
영등포구,양평동5가,선유도,양평2동,126.89594587647893,37.537744724515335
영등포구,당산동6가,당산,당산2동,126.89731736540782,37.53103166936052
영등포구,당산동6가,당산,당산2동,126.89731736540782,37.53103166936052
영등포구,양평동5가,선유도,양평2동,126.89594587647893,37.537744724515335
동작구,대방동,신대방삼거리,대방동,126.92634350000763,37.50816426100698
동작구,본동,노들,노량진1동,126.9420162213609,37.51230680241965
동작구,흑석동,흑석(중앙대입구),흑석동,126.96659075316671,37.505775015361046
동작구,상도1동,상도,상도1동,126.94974533151786,37.50323181885924
동작구,사당동,총신대입구(이수),사당2동,126.97925342785726,37.48875249863833
동작구,본동,노들,노량진1동,126.9420162213609,37.51230680241965
동작구,사당동,사당,사당1동,126.97867156418748,37.48315533173558
동작구,사당동,이수,사당1동,126.97867156418748,37.48315533173558
동작구,동작동,동작(현충원),사당2동,126.97925342785726,37.48875249863833
동작구,상도동,숭실대입구(살피재),상도1동,126.94974533151786,37.50323181885924
동작구,사당동,이수,사당1동,126.97867156418748,37.48315533173558
동작구,사당동,이수,사당2동,126.97925342785726,37.48875249863833
동작구,상도동,숭실대입구(살피재),상도1동,126.94974533151786,37.50323181885924
동작구,노량진동,노량진,노량진1동,126.9420162213609,37.51230680241965
동작구,본동,노들,노량진1동,126.9420162213609,37.51230680241965
동작구,상도동,장승배기,상도2동,126.94231104264887,37.505466519492
동작구,노량진동,사당,노량진1동,126.9420162213609,37.51230680241965
동작구,흑석동,흑석(중앙대입구),흑석동,126.96659075316671,37.505775015361046
동작구,동작동,동작(현충원),사당2동,126.97925342785726,37.48875249863833
동작구,사당동,남성,사당3동,126.97208541295585,37.48662464363699
동작구,노량진동,노량진,노량진2동,126.93735932013962,37.508531018191846
동작구,노량진동,노량진,노량진1동,126.9420162213609,37.51230680241965
관악구,신림동,신림,신림동,126.9271237136849,37.48741276844844
관악구,신림동,신림,신림동,126.9271237136849,37.48741276844844
관악구,봉천동,서울대입구(관악구청),낙성대동,126.95840521501923,37.47629145340168
관악구,신림동,신림,서원동,126.93137764212042,37.47976395192632
관악구,봉천동,낙성대,행운동,126.9570867951137,37.480615826828455
관악구,봉천동,봉천,은천동,126.94250287827985,37.485377767480706
관악구,봉천동,서울대입구(관악구청),중앙동,126.94978974822226,37.484188153857104
관악구,신림동,신대방,신사동,126.91810737541165,37.48542104131249
관악구,남현동,사당,남현동,126.97784646962457,37.47456675887942
관악구,신림동,신림,서원동,126.93137764212042,37.47976395192632
관악구,신림동,신림,서원동,126.93137764212042,37.47976395192632
서초구,반포동,고속터미널,반포4동,127.00030759341732,37.49747606930116
서초구,반포동,고속터미널,반포2동,126.9945035076517,37.50459388896943
서초구,서초동,교대(법원.검찰청),서초1동,127.01957096253298,37.49007898260848
서초구,서초동,남부터미널(예술의전당),서초3동,127.01200750943013,37.48370806396488
서초구,서초동,강남,서초4동,127.02408896564856,37.50272828123128
서초구,양재동,양재시민의숲(매헌),양재2동,127.0412886879359,37.470633217194234
서초구,서초동,서초,서초3동,127.01200750943013,37.48370806396488
서초구,서초동,서초,서초3동,127.01200750943013,37.48370806396488
서초구,방배동,,방배2동,126.9855736446241,37.47982624701295
서초구,반포동,구반포,반포본동,126.9860356113934,37.5004413570286
서초구,잠원동,잠원,잠원동,127.01410282023416,37.51491868802903
서초구,잠원동,잠원,잠원동,127.01410282023416,37.51491868802903
서초구,반포동,구반포,반포본동,126.9860356113934,37.5004413570286
서초구,반포동,신반포,반포2동,126.9945035076517,37.50459388896943
서초구,반포동,신반포,반포2동,126.9945035076517,37.50459388896943
서초구,방배동,사당,방배2동,126.9855736446241,37.47982624701295
서초구,방배동,사당,방배2동,126.9855736446241,37.47982624701295
서초구,신원동,청계산입구,양재2동,127.0412886879359,37.470633217194234
서초구,방배동,총신대입구(이수),방배4동,126.99248289849378,37.48906042373039
서초구,방배동,내방,방배1동,126.99450958540659,37.48336976730155
서초구,양재동,양재(서초구청),양재1동,127.02672880394384,37.47163933132787
서초구,반포동,사평,반포1동,127.01337714858089,37.50509061438031
서초구,서초동,교대(법원.검찰청),서초1동,127.01957096253298,37.49007898260848
서초구,서초동,강남,서초2동,127.02495850336193,37.492074599849566
서초구,반포동,반포,반포1동,127.01337714858089,37.50509061438031
서초구,서초동,신논현,서초4동,127.02408896564856,37.50272828123128
서초구,서초동,강남,서초2동,127.02495850336193,37.492074599849566
서초구,양재동,양재시민의숲(매헌),양재2동,127.0412886879359,37.470633217194234
서초구,반포동,사평,반포1동,127.01337714858089,37.50509061438031
서초구,잠원동,반포,잠원동,127.01410282023416,37.51491868802903
서초구,반포동,신논현,반포1동,127.01337714858089,37.50509061438031
서초구,방배동,방배,방배1동,126.99450958540659,37.48336976730155
서초구,방배동,남태령,방배2동,126.9855736446241,37.47982624701295
서초구,서초동,강남,서초2동,127.02495850336193,37.492074599849566
서초구,양재동,양재(서초구청),양재1동,127.02672880394384,37.47163933132787
서초구,방배동,내방,방배4동,126.99248289849378,37.48906042373039
서초구,잠원동,고속터미널,반포3동,127.00354690612721,37.50878543933239
서초구,서초동,양재(서초구청),양재1동,127.02672880394384,37.47163933132787
강남구,대치동,삼성(무역센터),대치2동,127.06416444805477,37.50224839237725
강남구,대치동,대치,대치1동,127.05682016381063,37.49326010984354
강남구,삼성동,봉은사,삼성1동,127.06252794171509,37.51439120945542
강남구,청담동,청담,청담동,127.04931002321993,37.52511579897959
강남구,삼성동,삼성중앙,삼성1동,127.06252794171509,37.51439120945542
강남구,논현동,선정릉,논현2동,127.03735990690524,37.51739318345911
강남구,역삼동,선정릉,역삼1동,127.03320108651666,37.49542431718493
강남구,역삼동,선릉,역삼1동,127.03320108651666,37.49542431718493
강남구,논현동,학동,논현2동,127.03735990690524,37.51739318345911
강남구,청담동,강남구청,청담동,127.04931002321993,37.52511579897959
강남구,삼성동,강남구청,삼성2동,127.04607058643163,37.511266884811576
강남구,논현동,강남구청,논현2동,127.03735990690524,37.51739318345911
강남구,신사동,신사,신사동,127.02277448907014,37.52398502986103
강남구,역삼동,,역삼2동,127.0468346777432,37.49596751103195
강남구,논현동,신사,논현1동,127.02855272024502,37.51149226338117
강남구,논현동,언주,논현1동,127.02855272024502,37.51149226338117
강남구,역삼동,언주,역삼1동,127.03320108651666,37.49542431718493
강남구,개포동,대청,개포3동,127.07369959446872,37.49217318132317
강남구,도곡동,매봉,도곡1동,127.03896912921999,37.48830459754871
강남구,수서동,,수서동,127.10500397212131,37.48888785942371
강남구,압구정동,압구정로데오,압구정동,127.03080917042102,37.53066864143361
강남구,역삼동,강남,역삼1동,127.03320108651666,37.49542431718493
강남구,대치동,,대치2동,127.06416444805477,37.50224839237725
강남구,논현동,논현,논현1동,127.02855272024502,37.51149226338117
강남구,역삼동,역삼,역삼1동,127.03320108651666,37.49542431718493
강남구,압구정동,압구정로데오,압구정동,127.03080917042102,37.53066864143361
강남구,수서동,,수서동,127.10500397212131,37.48888785942371
강남구,도곡동,,도곡2동,127.04638382177308,37.483728401661516
강남구,개포동,구룡,개포2동,127.06913357484176,37.48978647004139
강남구,개포동,구룡,개포2동,127.06913357484176,37.48978647004139
강남구,대치동,,대치2동,127.06416444805477,37.50224839237725
강남구,대치동,,대치1동,127.05682016381063,37.49326010984354
강남구,대치동,,대치1동,127.05682016381063,37.49326010984354
강남구,논현동,강남구청,논현2동,127.03735990690524,37.51739318345911
강남구,일원동,,개포3동,127.07369959446872,37.49217318132317
강남구,대치동,삼성(무역센터),대치2동,127.06416444805477,37.50224839237725
강남구,삼성동,청담,삼성1동,127.06252794171509,37.51439120945542
강남구,삼성동,삼성중앙,삼성1동,127.06252794171509,37.51439120945542
강남구,삼성동,선릉,삼성2동,127.04607058643163,37.511266884811576
강남구,대치동,선릉,대치4동,127.0578564496369,37.49974324995733
강남구,역삼동,역삼,역삼1동,127.03320108651666,37.49542431718493
강남구,역삼동,역삼,역삼1동,127.03320108651666,37.49542431718493
강남구,대치동,도곡,대치1동,127.05682016381063,37.49326010984354
강남구,신사동,압구정,압구정동,127.03080917042102,37.53066864143361
강남구,수서동,수서,수서동,127.10500397212131,37.48888785942371
강남구,수서동,수서,수서동,127.10500397212131,37.48888785942371
강남구,역삼동,,역삼1동,127.03320108651666,37.49542431718493
강남구,일원동,일원,일원본동,127.08649883003277,37.4833130035479
강남구,일원동,일원,일원본동,127.08649883003277,37.4833130035479
강남구,개포동,대청,개포3동,127.07369959446872,37.49217318132317
강남구,도곡동,매봉,도곡1동,127.03896912921999,37.48830459754871
강남구,신사동,압구정,압구정동,127.03080917042102,37.53066864143361
강남구,역삼동,강남,역삼1동,127.03320108651666,37.49542431718493
강남구,도곡동,양재(서초구청),도곡1동,127.03896912921999,37.48830459754871
강남구,대치동,한티,대치4동,127.0578564496369,37.49974324995733
강남구,대치동,한티,대치1동,127.05682016381063,37.49326010984354
강남구,대치동,학여울,대치2동,127.06416444805477,37.50224839237725
강남구,일원동,,일원1동,127.08806917419275,37.49187862508384
강남구,일원동,,일원1동,127.08806917419275,37.49187862508384
강남구,개포동,,개포2동,127.06913357484176,37.48978647004139
강남구,개포동,,개포2동,127.06913357484176,37.48978647004139
강남구,도곡동,,도곡2동,127.04638382177308,37.483728401661516
강남구,도곡동,,도곡2동,127.04638382177308,37.483728401661516
강남구,대치동,,대치1동,127.05682016381063,37.49326010984354
강남구,일원동,,일원본동,127.08649883003277,37.4833130035479
강남구,일원동,,일원본동,127.08649883003277,37.4833130035479
강남구,개포동,대모산입구,개포3동,127.07369959446872,37.49217318132317
강남구,일원동,대모산입구,개포2동,127.06913357484176,37.48978647004139
강남구,개포동,개포동,개포2동,127.06913357484176,37.48978647004139
강남구,개포동,개포동,개포2동,127.06913357484176,37.48978647004139
강남구,삼성동,삼성(무역센터),삼성1동,127.06252794171509,37.51439120945542
강남구,삼성동,삼성(무역센터),삼성1동,127.06252794171509,37.51439120945542
강남구,삼성동,봉은사,삼성1동,127.06252794171509,37.51439120945542
강남구,일원동,,일원본동,127.08649883003277,37.4833130035479
강남구,일원동,,일원본동,127.08649883003277,37.4833130035479
송파구,가락동,가락시장,문정2동,127.11091238533636,37.4898951926552
송파구,가락동,가락시장,가락본동,127.12177224220831,37.49558967282977
송파구,방이동,한성백제,방이2동,127.11444178436398,37.51457576815779
송파구,방이동,한성백제,오륜동,127.13430567724342,37.515416211063034
송파구,석촌동,석촌고분,석촌동,127.10366738403702,37.50356463067748
송파구,석촌동,석촌,석촌동,127.10366738403702,37.50356463067748
송파구,가락동,가락시장,가락1동,127.10729000914175,37.4997483408833
송파구,오금동,,오금동,127.12809944967847,37.50300005998476
송파구,마천동,,마천1동,127.14997157111824,37.49607982374298
송파구,가락동,개롱,가락2동,127.12664005653761,37.498698431647895
송파구,신천동,잠실(송파구청),잠실6동,127.1006605179514,37.51812745749349
송파구,신천동,몽촌토성(평화의문),잠실4동,127.11223328041534,37.520239790233376
송파구,가락동,오금,가락본동,127.12177224220831,37.49558967282977
송파구,방이동,송파나루,방이2동,127.11444178436398,37.51457576815779
송파구,송파동,송파나루,송파1동,127.10931695972181,37.50622290825949
송파구,장지동,장지,장지동,127.13112378845288,37.48371159802707
송파구,석촌동,석촌고분,석촌동,127.10366738403702,37.50356463067748
송파구,신천동,잠실(송파구청),잠실6동,127.1006605179514,37.51812745749349
송파구,신천동,,잠실4동,127.11223328041534,37.520239790233376
송파구,방이동,,방이2동,127.11444178436398,37.51457576815779
송파구,방이동,올림픽공원(한국체대),오륜동,127.13430567724342,37.515416211063034
송파구,송파동,송파나루,송파1동,127.10931695972181,37.50622290825949
송파구,방이동,송파나루,방이2동,127.11444178436398,37.51457576815779
송파구,오금동,오금,오금동,127.12809944967847,37.50300005998476
송파구,방이동,올림픽공원(한국체대),오륜동,127.13430567724342,37.515416211063034
송파구,방이동,올림픽공원(한국체대),오륜동,127.13430567724342,37.515416211063034
송파구,문정동,장지,문정2동,127.11091238533636,37.4898951926552
송파구,신천동,잠실(송파구청),잠실6동,127.1006605179514,37.51812745749349
송파구,방이동,,오륜동,127.13430567724342,37.515416211063034
송파구,오금동,,오금동,127.12809944967847,37.50300005998476
송파구,가락동,경찰병원,가락본동,127.12177224220831,37.49558967282977
송파구,잠실동,종합운동장,잠실2동,127.08854061905198,37.51191663623328
송파구,잠실동,잠실새내,잠실3동,127.09438326683343,37.5133248862588
송파구,풍납동,,풍납2동,127.11682116834518,37.528776839455645
송파구,송파동,송파,송파2동,127.11676639171556,37.50233785400787
송파구,장지동,,문정2동,127.11091238533636,37.4898951926552
송파구,풍납동,강동구청,풍납2동,127.11682116834518,37.528776839455645
송파구,송파동,석촌,송파1동,127.10931695972181,37.50622290825949
송파구,삼전동,석촌고분,삼전동,127.09251970719157,37.50272333861296
송파구,잠실동,종합운동장,잠실7동,127.07696864354489,37.508670315882846
송파구,오금동,방이,오금동,127.12809944967847,37.50300005998476
송파구,잠실동,잠실새내,잠실2동,127.08854061905198,37.51191663623328
송파구,마천동,,마천1동,127.14997157111824,37.49607982374298
송파구,삼전동,석촌고분,삼전동,127.09251970719157,37.50272333861296
송파구,거여동,거여,거여1동,127.14326516764659,37.49697834083816
송파구,가락동,경찰병원,가락2동,127.12664005653761,37.498698431647895
송파구,문정동,문정,문정1동,127.12418320161476,37.490145082846496
송파구,신천동,잠실나루,잠실6동,127.1006605179514,37.51812745749349
송파구,방이동,방이,방이1동,127.12391911174258,37.51098021106454
송파구,방이동,둔촌오륜,오륜동,127.13430567724342,37.515416211063034
강동구,고덕동,상일동,고덕2동,127.1643659743796,37.56052548107242
강동구,고덕동,고덕,고덕1동,127.15149748099994,37.55725946407166
강동구,천호동,굽은다리(강동구민회관앞),천호1동,127.13682095783506,37.54495533979818
강동구,상일동,상일동,상일1동,127.16462039509204,37.55064299525213
강동구,둔촌동,중앙보훈병원,둔촌2동,127.14196345403232,37.533348000803336
강동구,성내동,강동,천호3동,127.1331208093744,37.53610094404107
강동구,강일동,강일,강일동,127.17391966164308,37.564944692060216
강동구,성내동,둔촌동,성내3동,127.13289932744046,37.526056837230755
강동구,명일동,명일,명일1동,127.14607311289872,37.549802438924004
강동구,상일동,강일,상일2동,127.17760151552136,37.552011719375116
강동구,암사동,암사,암사2동,127.12724128233734,37.55174876506879
강동구,명일동,고덕,명일2동,127.15137126510221,37.5463359336339
강동구,둔촌동,중앙보훈병원,둔촌2동,127.14196345403232,37.533348000803336
강동구,둔촌동,중앙보훈병원,둔촌2동,127.14196345403232,37.533348000803336
강동구,성내동,강동,천호3동,127.1331208093744,37.53610094404107
강동구,고덕동,상일동,고덕2동,127.1643659743796,37.56052548107242
강동구,길동,길동,길동,127.14271234554934,37.53448596245374
강동구,둔촌동,둔촌오륜,둔촌1동,127.1367545921075,37.52348638333312
강동구,상일동,강일,상일2동,127.17760151552136,37.552011719375116
강동구,성내동,천호(풍납토성),성내2동,127.1295572269625,37.53243963816749
