,Unnamed: 0.15,Unnamed: 0.14,Unnamed: 0.13,Unnamed: 0.12,Unnamed: 0.11,Unnamed: 0.10,Unnamed: 0.9,Unnamed: 0.8,Unnamed: 0.7,Unnamed: 0.6,Unnamed: 0.5,Unnamed: 0.4,Unnamed: 0.3,Unnamed: 0.2,Unnamed: 0.1,Unnamed: 0,위도,경도,행정동
0,0.0,0.0,0.0,0.0,0.0,0.0,0.0,0.0,0.0,0.0,0.0,0.0,0.0,0.0,0.0,,37.6885817356,127.0457253227,도봉2동
1,1.0,1.0,1.0,1.0,1.0,1.0,1.0,1.0,1.0,1.0,1.0,1.0,1.0,1.0,1.0,,37.682672,127.046067,도봉2동
2,2.0,2.0,2.0,2.0,2.0,2.0,2.0,2.0,2.0,2.0,2.0,2.0,2.0,2.0,2.0,,37.677262,127.045103,도봉2동
3,3.0,3.0,3.0,3.0,3.0,3.0,3.0,3.0,3.0,3.0,3.0,3.0,3.0,3.0,3.0,,37.67275,127.044333,도봉2동
4,4.0,4.0,4.0,4.0,4.0,4.0,4.0,4.0,4.0,4.0,4.0,4.0,4.0,4.0,4.0,,37.6821047926,127.0459586654,도봉2동
5,5.0,5.0,5.0,5.0,5.0,5.0,5.0,5.0,5.0,5.0,5.0,5.0,5.0,5.0,5.0,,37.6771834389,127.0451325639,도봉2동
6,6.0,6.0,6.0,6.0,6.0,6.0,6.0,6.0,6.0,6.0,6.0,6.0,6.0,6.0,6.0,,37.6741632354,127.0446001847,도봉2동
7,7.0,7.0,7.0,7.0,7.0,7.0,7.0,7.0,7.0,7.0,7.0,7.0,7.0,7.0,7.0,,37.676134203,127.048374262,도봉2동
8,8.0,8.0,8.0,8.0,8.0,8.0,8.0,8.0,8.0,8.0,8.0,8.0,8.0,8.0,8.0,,37.675807,127.047788,도봉2동
9,9.0,9.0,9.0,9.0,9.0,9.0,9.0,9.0,9.0,9.0,9.0,9.0,9.0,9.0,9.0,,37.674737,127.047318,도봉2동
10,10.0,10.0,10.0,10.0,10.0,10.0,10.0,10.0,10.0,10.0,10.0,10.0,10.0,10.0,10.0,,37.673315,127.046582,도봉2동
11,11.0,11.0,11.0,11.0,11.0,11.0,11.0,11.0,11.0,11.0,11.0,11.0,11.0,11.0,11.0,,37.680322,127.046683,도봉2동
12,12.0,12.0,12.0,12.0,12.0,12.0,12.0,12.0,12.0,12.0,12.0,12.0,12.0,12.0,12.0,,37.6803959104,127.0470845566,도봉2동
13,13.0,13.0,13.0,13.0,13.0,13.0,13.0,13.0,13.0,13.0,13.0,13.0,13.0,13.0,13.0,,37.6794237641,127.0490169573,도봉2동
14,14.0,14.0,14.0,14.0,14.0,14.0,14.0,14.0,14.0,14.0,14.0,14.0,14.0,14.0,14.0,,37.6796543968,127.0491191453,도봉2동
15,15.0,15.0,15.0,15.0,15.0,15.0,15.0,15.0,15.0,15.0,15.0,15.0,15.0,15.0,15.0,,37.67907,127.04939,도봉2동
16,16.0,16.0,16.0,16.0,16.0,16.0,16.0,16.0,16.0,16.0,16.0,16.0,16.0,16.0,16.0,,37.6781990171,127.0494617013,도봉2동
17,17.0,17.0,17.0,17.0,17.0,17.0,17.0,17.0,17.0,17.0,17.0,17.0,17.0,17.0,17.0,,37.6712739361,127.0457717409,도봉2동
18,18.0,18.0,18.0,18.0,18.0,18.0,18.0,18.0,18.0,18.0,18.0,18.0,18.0,18.0,18.0,,37.6746701716,127.0472921515,도봉2동
19,19.0,19.0,19.0,19.0,19.0,19.0,19.0,19.0,19.0,19.0,19.0,19.0,19.0,19.0,19.0,,37.677670178,127.0492414111,도봉2동
20,20.0,20.0,20.0,20.0,20.0,20.0,20.0,20.0,20.0,20.0,20.0,20.0,20.0,20.0,20.0,,37.6809875292,127.0457799763,도봉2동
21,21.0,21.0,21.0,21.0,21.0,21.0,21.0,21.0,21.0,21.0,21.0,21.0,21.0,21.0,21.0,,37.683131,127.047119,도봉2동
22,22.0,22.0,22.0,22.0,22.0,22.0,22.0,22.0,22.0,22.0,22.0,22.0,22.0,22.0,22.0,,37.6827010175,127.0489114044,도봉2동
23,23.0,23.0,23.0,23.0,23.0,23.0,23.0,23.0,23.0,23.0,23.0,23.0,23.0,23.0,23.0,,37.6838280147,127.0495039881,도봉2동
24,24.0,24.0,24.0,24.0,24.0,24.0,24.0,24.0,24.0,24.0,24.0,24.0,24.0,24.0,24.0,,37.6842317103,127.0515734531,도봉2동
25,25.0,25.0,25.0,25.0,25.0,25.0,25.0,25.0,25.0,25.0,25.0,25.0,25.0,25.0,25.0,,37.6716952848,127.0466777586,도봉2동
26,26.0,26.0,26.0,26.0,26.0,26.0,26.0,26.0,26.0,26.0,26.0,26.0,26.0,26.0,26.0,,37.6858016495,127.0509577365,도봉2동
27,27.0,27.0,27.0,27.0,27.0,27.0,27.0,27.0,27.0,27.0,27.0,27.0,27.0,27.0,27.0,,37.6864731679,127.0504502354,도봉2동
28,28.0,28.0,28.0,28.0,28.0,28.0,28.0,28.0,28.0,28.0,28.0,28.0,28.0,28.0,28.0,,37.6879883235,127.0493865639,도봉2동
29,29.0,29.0,29.0,29.0,29.0,29.0,29.0,29.0,29.0,29.0,29.0,29.0,29.0,29.0,29.0,,37.6893500743,127.0466117182,도봉2동
30,30.0,30.0,30.0,30.0,30.0,30.0,30.0,30.0,30.0,30.0,30.0,30.0,30.0,30.0,30.0,,37.6879397664,127.0491450189,도봉2동
31,31.0,31.0,31.0,31.0,31.0,31.0,31.0,31.0,31.0,31.0,31.0,31.0,31.0,31.0,31.0,,37.6856747197,127.0506753264,도봉2동
32,32.0,32.0,32.0,32.0,32.0,32.0,32.0,32.0,32.0,32.0,32.0,32.0,32.0,32.0,32.0,,37.684151,127.051338,도봉2동
33,33.0,33.0,33.0,33.0,33.0,33.0,33.0,33.0,33.0,33.0,33.0,33.0,33.0,33.0,33.0,,37.670555,127.046316,도봉2동
34,34.0,34.0,34.0,34.0,34.0,34.0,34.0,34.0,34.0,34.0,34.0,34.0,34.0,34.0,34.0,,37.6820001335,127.050685298,도봉2동
35,35.0,35.0,35.0,35.0,35.0,35.0,35.0,35.0,35.0,35.0,35.0,35.0,35.0,35.0,35.0,,37.6802200817,127.0495741502,도봉2동
36,36.0,36.0,36.0,36.0,36.0,36.0,36.0,36.0,36.0,36.0,36.0,36.0,36.0,36.0,36.0,,37.6805570067,127.0475733049,도봉2동
37,37.0,37.0,37.0,37.0,37.0,37.0,37.0,37.0,37.0,37.0,37.0,37.0,37.0,37.0,37.0,,37.6769856293,127.0485936182,도봉2동
38,38.0,38.0,38.0,38.0,38.0,38.0,38.0,38.0,38.0,38.0,38.0,38.0,38.0,38.0,38.0,,37.6747299568,127.0470617037,도봉2동
39,39.0,39.0,39.0,39.0,39.0,39.0,39.0,39.0,39.0,39.0,39.0,39.0,39.0,39.0,39.0,,37.6724630827,127.046473053,도봉2동
40,40.0,40.0,40.0,40.0,40.0,40.0,40.0,40.0,40.0,40.0,40.0,40.0,40.0,40.0,40.0,,37.686613,127.050075,도봉2동
41,41.0,41.0,41.0,41.0,41.0,41.0,41.0,41.0,41.0,41.0,41.0,41.0,41.0,41.0,41.0,,37.6711168303,127.0450448623,도봉2동
42,42.0,42.0,42.0,42.0,42.0,42.0,42.0,42.0,42.0,42.0,42.0,42.0,42.0,0.0,,,37.499883,126.874701,구로2동
43,43.0,43.0,43.0,43.0,43.0,43.0,43.0,43.0,43.0,43.0,43.0,43.0,43.0,1.0,,,37.49971,126.87453,구로2동
44,44.0,44.0,44.0,44.0,44.0,44.0,44.0,44.0,44.0,44.0,44.0,44.0,44.0,2.0,,,37.4945619511,126.8879268367,구로2동
45,45.0,45.0,45.0,45.0,45.0,45.0,45.0,45.0,45.0,45.0,45.0,45.0,45.0,3.0,,,37.4947508763,126.8876042378,구로2동
46,46.0,46.0,46.0,46.0,46.0,46.0,46.0,46.0,46.0,46.0,46.0,46.0,46.0,4.0,,,37.493233,126.884567,구로2동
47,47.0,47.0,47.0,47.0,47.0,47.0,47.0,47.0,47.0,47.0,47.0,47.0,47.0,5.0,,,37.48798,126.88461,구로2동
48,48.0,48.0,48.0,48.0,48.0,48.0,48.0,48.0,48.0,48.0,48.0,48.0,48.0,6.0,,,37.4899022236,126.8840651203,구로2동
49,49.0,49.0,49.0,49.0,49.0,49.0,49.0,49.0,49.0,49.0,49.0,49.0,49.0,7.0,,,37.4937842571,126.8832312859,구로2동
50,50.0,50.0,50.0,50.0,50.0,50.0,50.0,50.0,50.0,50.0,50.0,50.0,50.0,8.0,,,37.4938362491,126.8829563911,구로2동
51,51.0,51.0,51.0,51.0,51.0,51.0,51.0,51.0,51.0,51.0,51.0,51.0,51.0,9.0,,,37.4967741772,126.8823840611,구로2동
52,52.0,52.0,52.0,52.0,52.0,52.0,52.0,52.0,52.0,52.0,52.0,52.0,52.0,10.0,,,37.4977886895,126.8840766793,구로2동
53,53.0,53.0,53.0,53.0,53.0,53.0,53.0,53.0,53.0,53.0,53.0,53.0,53.0,11.0,,,37.4995738531,126.8823344295,구로2동
54,54.0,54.0,54.0,54.0,54.0,54.0,54.0,54.0,54.0,54.0,54.0,54.0,54.0,12.0,,,37.5000384326,126.8828494432,구로2동
55,55.0,55.0,55.0,55.0,55.0,55.0,55.0,55.0,55.0,55.0,55.0,55.0,55.0,13.0,,,37.5035680895,126.8793093405,구로2동
56,56.0,56.0,56.0,56.0,56.0,56.0,56.0,56.0,56.0,56.0,56.0,56.0,56.0,14.0,,,37.5034172875,126.8789985402,구로2동
57,57.0,57.0,57.0,57.0,57.0,57.0,57.0,57.0,57.0,57.0,57.0,57.0,57.0,15.0,,,37.5051655805,126.8774020097,구로2동
58,58.0,58.0,58.0,58.0,58.0,58.0,58.0,58.0,58.0,58.0,58.0,58.0,58.0,16.0,,,37.5048734598,126.8772441351,구로2동
59,59.0,59.0,59.0,59.0,59.0,59.0,59.0,59.0,59.0,59.0,59.0,59.0,59.0,17.0,,,37.495703,126.879839,구로2동
60,60.0,60.0,60.0,60.0,60.0,60.0,60.0,60.0,60.0,60.0,60.0,60.0,60.0,18.0,,,37.489291,126.880367,구로2동
61,61.0,61.0,61.0,61.0,61.0,61.0,61.0,61.0,61.0,61.0,61.0,61.0,61.0,19.0,,,37.492841,126.880194,구로2동
62,62.0,62.0,62.0,62.0,62.0,62.0,62.0,62.0,62.0,62.0,62.0,62.0,62.0,20.0,,,37.4902172822,126.8812188135,구로2동
63,63.0,63.0,63.0,63.0,63.0,63.0,63.0,63.0,63.0,63.0,63.0,63.0,63.0,21.0,,,37.497217,126.882629,구로2동
64,64.0,64.0,64.0,64.0,64.0,64.0,64.0,64.0,64.0,64.0,64.0,64.0,64.0,22.0,,,37.4998375728,126.8825792166,구로2동
65,65.0,65.0,65.0,65.0,65.0,65.0,65.0,65.0,65.0,65.0,65.0,65.0,65.0,23.0,,,37.498288,126.87982,구로2동
66,66.0,66.0,66.0,66.0,66.0,66.0,66.0,66.0,66.0,66.0,66.0,66.0,66.0,24.0,,,37.50012,126.880378,구로2동
67,67.0,67.0,67.0,67.0,67.0,67.0,67.0,67.0,67.0,67.0,67.0,67.0,67.0,25.0,,,37.4958292381,126.8800116763,구로2동
68,68.0,68.0,68.0,68.0,68.0,68.0,68.0,68.0,68.0,68.0,68.0,68.0,68.0,26.0,,,37.492350833,126.8834653518,구로2동
69,69.0,69.0,69.0,69.0,69.0,69.0,69.0,69.0,69.0,69.0,69.0,69.0,69.0,27.0,,,37.4901642749,126.8811730911,구로2동
70,70.0,70.0,70.0,70.0,70.0,70.0,70.0,70.0,70.0,70.0,70.0,70.0,70.0,28.0,,,37.50539,126.876845,구로2동
71,71.0,71.0,71.0,71.0,71.0,71.0,71.0,71.0,71.0,71.0,71.0,71.0,71.0,29.0,,,37.5047168446,126.8774140543,구로2동
72,72.0,72.0,72.0,72.0,72.0,72.0,72.0,72.0,72.0,72.0,72.0,72.0,72.0,30.0,,,37.494691,126.889183,구로2동
73,73.0,73.0,73.0,73.0,73.0,73.0,73.0,73.0,73.0,73.0,73.0,73.0,73.0,31.0,,,37.4932861016,126.8901809694,구로2동
74,74.0,74.0,74.0,74.0,74.0,74.0,74.0,74.0,74.0,74.0,74.0,74.0,74.0,32.0,,,37.4996998999,126.8831338556,구로2동
75,75.0,75.0,75.0,75.0,75.0,75.0,75.0,75.0,75.0,75.0,75.0,75.0,75.0,33.0,,,37.4901745492,126.8815338211,구로2동
76,76.0,76.0,76.0,76.0,76.0,76.0,76.0,76.0,76.0,76.0,76.0,76.0,76.0,34.0,,,37.5033556976,126.8795720894,구로2동
77,77.0,77.0,77.0,77.0,77.0,77.0,77.0,77.0,77.0,77.0,77.0,77.0,77.0,35.0,,,37.4915421241,126.8821344238,구로2동
78,78.0,78.0,78.0,78.0,78.0,78.0,78.0,78.0,78.0,78.0,78.0,78.0,78.0,36.0,,,37.4934775322,126.8856372215,구로2동
79,79.0,79.0,79.0,79.0,79.0,79.0,79.0,79.0,79.0,79.0,79.0,79.0,79.0,37.0,,,37.496042,126.888052,구로2동
80,80.0,80.0,80.0,80.0,80.0,80.0,80.0,80.0,80.0,80.0,80.0,80.0,80.0,38.0,,,37.4907661875,126.8838670127,구로2동
81,81.0,81.0,81.0,81.0,81.0,81.0,81.0,81.0,81.0,81.0,81.0,81.0,0.0,,,,37.5045988081,126.9495037012,상도1동
82,82.0,82.0,82.0,82.0,82.0,82.0,82.0,82.0,82.0,82.0,82.0,82.0,1.0,,,,37.5038586483,126.9495190801,상도1동
83,83.0,83.0,83.0,83.0,83.0,83.0,83.0,83.0,83.0,83.0,83.0,83.0,2.0,,,,37.5016271328,126.9486225374,상도1동
84,84.0,84.0,84.0,84.0,84.0,84.0,84.0,84.0,84.0,84.0,84.0,84.0,3.0,,,,37.5012490566,126.9495197061,상도1동
85,85.0,85.0,85.0,85.0,85.0,85.0,85.0,85.0,85.0,85.0,85.0,85.0,4.0,,,,37.4988131751,126.9511850423,상도1동
86,86.0,86.0,86.0,86.0,86.0,86.0,86.0,86.0,86.0,86.0,86.0,86.0,5.0,,,,37.4986899661,126.9517743709,상도1동
87,87.0,87.0,87.0,87.0,87.0,87.0,87.0,87.0,87.0,87.0,87.0,87.0,6.0,,,,37.496923,126.9528,상도1동
88,88.0,88.0,88.0,88.0,88.0,88.0,88.0,88.0,88.0,88.0,88.0,88.0,7.0,,,,37.4961666089,126.9533491547,상도1동
89,89.0,89.0,89.0,89.0,89.0,89.0,89.0,89.0,89.0,89.0,89.0,89.0,8.0,,,,37.4964614208,126.9537334982,상도1동
90,90.0,90.0,90.0,90.0,90.0,90.0,90.0,90.0,90.0,90.0,90.0,90.0,9.0,,,,37.491679,126.956215,상도1동
91,91.0,91.0,91.0,91.0,91.0,91.0,91.0,91.0,91.0,91.0,91.0,91.0,10.0,,,,37.4917326146,126.9565953054,상도1동
92,92.0,92.0,92.0,92.0,92.0,92.0,92.0,92.0,92.0,92.0,92.0,92.0,11.0,,,,37.49515,126.957055,상도1동
93,93.0,93.0,93.0,93.0,93.0,93.0,93.0,93.0,93.0,93.0,93.0,93.0,12.0,,,,37.4953183557,126.9572808442,상도1동
94,94.0,94.0,94.0,94.0,94.0,94.0,94.0,94.0,94.0,94.0,94.0,94.0,13.0,,,,37.4946390733,126.9602929082,상도1동
95,95.0,95.0,95.0,95.0,95.0,95.0,95.0,95.0,95.0,95.0,95.0,95.0,14.0,,,,37.494983,126.959895,상도1동
96,96.0,96.0,96.0,96.0,96.0,96.0,96.0,96.0,96.0,96.0,96.0,96.0,15.0,,,,37.5045504993,126.9534310317,상도1동
97,97.0,97.0,97.0,97.0,97.0,97.0,97.0,97.0,97.0,97.0,97.0,97.0,16.0,,,,37.499874,126.953869,상도1동
98,98.0,98.0,98.0,98.0,98.0,98.0,98.0,98.0,98.0,98.0,98.0,98.0,17.0,,,,37.4995065114,126.953501942,상도1동
99,99.0,99.0,99.0,99.0,99.0,99.0,99.0,99.0,99.0,99.0,99.0,99.0,18.0,,,,37.502655,126.953972,상도1동
100,100.0,100.0,100.0,100.0,100.0,100.0,100.0,100.0,100.0,100.0,100.0,100.0,19.0,,,,37.5031415122,126.9542926452,상도1동
101,101.0,101.0,101.0,101.0,101.0,101.0,101.0,101.0,101.0,101.0,101.0,101.0,20.0,,,,37.5010547638,126.9538226802,상도1동
102,102.0,102.0,102.0,102.0,102.0,102.0,102.0,102.0,102.0,102.0,102.0,102.0,21.0,,,,37.5009407383,126.9535689972,상도1동
103,103.0,103.0,103.0,103.0,103.0,103.0,103.0,103.0,103.0,103.0,103.0,103.0,22.0,,,,37.498407,126.953358,상도1동
104,104.0,104.0,104.0,104.0,104.0,104.0,104.0,104.0,104.0,104.0,104.0,104.0,23.0,,,,37.49822,126.953262,상도1동
105,105.0,105.0,105.0,105.0,105.0,105.0,105.0,105.0,105.0,105.0,105.0,105.0,24.0,,,,37.497806,126.959261,상도1동
106,106.0,106.0,106.0,106.0,106.0,106.0,106.0,106.0,106.0,106.0,106.0,106.0,25.0,,,,37.4950952786,126.9610345638,상도1동
107,107.0,107.0,107.0,107.0,107.0,107.0,107.0,107.0,107.0,107.0,107.0,107.0,26.0,,,,37.5027474813,126.9472102115,상도1동
108,108.0,108.0,108.0,108.0,108.0,108.0,108.0,108.0,108.0,108.0,108.0,108.0,27.0,,,,37.5043455055,126.9501363221,상도1동
109,109.0,109.0,109.0,109.0,109.0,109.0,109.0,109.0,109.0,109.0,109.0,109.0,28.0,,,,37.50505,126.953542,상도1동
110,110.0,110.0,110.0,110.0,110.0,110.0,110.0,110.0,110.0,110.0,110.0,110.0,29.0,,,,37.5049512146,126.950537456,상도1동
111,111.0,111.0,111.0,111.0,111.0,111.0,111.0,111.0,111.0,111.0,111.0,111.0,30.0,,,,37.5065716922,126.9512512508,상도1동
112,112.0,112.0,112.0,112.0,112.0,112.0,112.0,112.0,112.0,112.0,112.0,112.0,31.0,,,,37.5078829377,126.9515987872,상도1동
113,113.0,113.0,113.0,113.0,113.0,113.0,113.0,113.0,113.0,113.0,113.0,113.0,32.0,,,,37.5063885967,126.9505398317,상도1동
114,114.0,114.0,114.0,114.0,114.0,114.0,114.0,114.0,114.0,114.0,114.0,114.0,33.0,,,,37.5038198475,126.9473327434,상도1동
115,115.0,115.0,115.0,115.0,115.0,115.0,115.0,115.0,115.0,115.0,115.0,115.0,34.0,,,,37.4921183007,126.9566324017,상도1동
116,116.0,116.0,116.0,116.0,116.0,116.0,116.0,116.0,116.0,116.0,116.0,116.0,35.0,,,,37.496203,126.953556,상도1동
117,117.0,117.0,117.0,117.0,117.0,117.0,117.0,117.0,117.0,117.0,117.0,117.0,36.0,,,,37.491908,126.956251,상도1동
118,118.0,118.0,118.0,118.0,118.0,118.0,118.0,118.0,118.0,118.0,118.0,118.0,37.0,,,,37.4950484626,126.9611601225,상도1동
119,119.0,119.0,119.0,119.0,119.0,119.0,119.0,119.0,119.0,119.0,119.0,119.0,38.0,,,,37.4981116101,126.9593670537,상도1동
120,120.0,120.0,120.0,120.0,120.0,120.0,120.0,120.0,120.0,120.0,120.0,120.0,39.0,,,,37.5078063047,126.9515026905,상도1동
121,121.0,121.0,121.0,121.0,121.0,121.0,121.0,121.0,121.0,121.0,121.0,121.0,40.0,,,,37.5065409316,126.950953788,상도1동
122,122.0,122.0,122.0,122.0,122.0,122.0,122.0,122.0,122.0,122.0,122.0,122.0,41.0,,,,37.5029069167,126.9470766344,상도1동
123,123.0,123.0,123.0,123.0,123.0,123.0,123.0,123.0,123.0,123.0,123.0,123.0,42.0,,,,37.5035799614,126.9489458159,상도1동
124,124.0,124.0,124.0,124.0,124.0,124.0,124.0,124.0,124.0,124.0,124.0,124.0,43.0,,,,37.5080479239,126.9518056786,상도1동
125,125.0,125.0,125.0,125.0,125.0,125.0,125.0,125.0,125.0,125.0,125.0,125.0,44.0,,,,37.5025855614,126.9478369293,상도1동
126,126.0,126.0,126.0,126.0,126.0,126.0,126.0,126.0,126.0,126.0,126.0,126.0,45.0,,,,37.50315902197367,126.94817010008148,상도1동
127,127.0,127.0,127.0,127.0,127.0,127.0,127.0,127.0,127.0,127.0,127.0,0.0,,,,,37.47859,127.038482,양재1동
128,128.0,128.0,128.0,128.0,128.0,128.0,128.0,128.0,128.0,128.0,128.0,1.0,,,,,37.477818,127.038758,양재1동
129,129.0,129.0,129.0,129.0,129.0,129.0,129.0,129.0,129.0,129.0,129.0,2.0,,,,,37.48261,127.035902,양재1동
130,130.0,130.0,130.0,130.0,130.0,130.0,130.0,130.0,130.0,130.0,130.0,3.0,,,,,37.481927,127.036827,양재1동
131,131.0,131.0,131.0,131.0,131.0,131.0,131.0,131.0,131.0,131.0,131.0,4.0,,,,,37.484769125,127.0374188123,양재1동
132,132.0,132.0,132.0,132.0,132.0,132.0,132.0,132.0,132.0,132.0,132.0,5.0,,,,,37.4833239776,127.0421051056,양재1동
133,133.0,133.0,133.0,133.0,133.0,133.0,133.0,133.0,133.0,133.0,133.0,6.0,,,,,37.4801407005,127.0411738713,양재1동
134,134.0,134.0,134.0,134.0,134.0,134.0,134.0,134.0,134.0,134.0,134.0,7.0,,,,,37.4761397871,127.0356382501,양재1동
135,135.0,135.0,135.0,135.0,135.0,135.0,135.0,135.0,135.0,135.0,135.0,8.0,,,,,37.476303,127.036092,양재1동
136,136.0,136.0,136.0,136.0,136.0,136.0,136.0,136.0,136.0,136.0,136.0,9.0,,,,,37.474572,127.031828,양재1동
137,137.0,137.0,137.0,137.0,137.0,137.0,137.0,137.0,137.0,137.0,137.0,10.0,,,,,37.474668,127.032753,양재1동
138,138.0,138.0,138.0,138.0,138.0,138.0,138.0,138.0,138.0,138.0,138.0,11.0,,,,,37.4723552457,127.0281898414,양재1동
139,139.0,139.0,139.0,139.0,139.0,139.0,139.0,139.0,139.0,139.0,139.0,12.0,,,,,37.4720372808,127.0280952447,양재1동
140,140.0,140.0,140.0,140.0,140.0,140.0,140.0,140.0,140.0,140.0,140.0,13.0,,,,,37.4707123,127.0256888887,양재1동
141,141.0,141.0,141.0,141.0,141.0,141.0,141.0,141.0,141.0,141.0,141.0,14.0,,,,,37.470782,127.026143,양재1동
142,142.0,142.0,142.0,142.0,142.0,142.0,142.0,142.0,142.0,142.0,142.0,15.0,,,,,37.4674326438,127.028006471,양재1동
143,143.0,143.0,143.0,143.0,143.0,143.0,143.0,143.0,143.0,143.0,143.0,16.0,,,,,37.4674469714,127.0283840715,양재1동
144,144.0,144.0,144.0,144.0,144.0,144.0,144.0,144.0,144.0,144.0,144.0,17.0,,,,,37.465352,127.026143,양재1동
145,145.0,145.0,145.0,145.0,145.0,145.0,145.0,145.0,145.0,145.0,145.0,18.0,,,,,37.465357,127.024963,양재1동
146,146.0,146.0,146.0,146.0,146.0,146.0,146.0,146.0,146.0,146.0,146.0,19.0,,,,,37.459029969,127.0179066267,양재1동
147,147.0,147.0,147.0,147.0,147.0,147.0,147.0,147.0,147.0,147.0,147.0,20.0,,,,,37.45850283,127.0178420688,양재1동
148,148.0,148.0,148.0,148.0,148.0,148.0,148.0,148.0,148.0,148.0,148.0,21.0,,,,,37.4574383814,127.0127200934,양재1동
149,149.0,149.0,149.0,149.0,149.0,149.0,149.0,149.0,149.0,149.0,149.0,22.0,,,,,37.4572390563,127.0142946658,양재1동
150,150.0,150.0,150.0,150.0,150.0,150.0,150.0,150.0,150.0,150.0,150.0,23.0,,,,,37.483686,127.03471,양재1동
151,151.0,151.0,151.0,151.0,151.0,151.0,151.0,151.0,151.0,151.0,151.0,24.0,,,,,37.483427,127.035493,양재1동
152,152.0,152.0,152.0,152.0,152.0,152.0,152.0,152.0,152.0,152.0,152.0,25.0,,,,,37.478931,127.038295,양재1동
153,153.0,153.0,153.0,153.0,153.0,153.0,153.0,153.0,153.0,153.0,153.0,26.0,,,,,37.479563,127.038605,양재1동
154,154.0,154.0,154.0,154.0,154.0,154.0,154.0,154.0,154.0,154.0,154.0,27.0,,,,,37.4577874974,127.016833601,양재1동
155,155.0,155.0,155.0,155.0,155.0,155.0,155.0,155.0,155.0,155.0,155.0,28.0,,,,,37.463688,127.021443,양재1동
156,156.0,156.0,156.0,156.0,156.0,156.0,156.0,156.0,156.0,156.0,156.0,29.0,,,,,37.463322,127.023893,양재1동
157,157.0,157.0,157.0,157.0,157.0,157.0,157.0,157.0,157.0,157.0,157.0,30.0,,,,,37.4795630391,127.0386622548,양재1동
158,158.0,158.0,158.0,158.0,158.0,158.0,158.0,158.0,158.0,158.0,158.0,31.0,,,,,37.4833310663,127.0424409464,양재1동
159,159.0,159.0,159.0,159.0,159.0,159.0,159.0,159.0,159.0,159.0,159.0,32.0,,,,,37.4837218339,127.0351590128,양재1동
160,160.0,160.0,160.0,160.0,160.0,160.0,160.0,160.0,160.0,160.0,160.0,33.0,,,,,37.4717085715,127.0309238538,양재1동
161,161.0,161.0,161.0,161.0,161.0,161.0,161.0,161.0,161.0,161.0,161.0,34.0,,,,,37.4746627796,127.0328539307,양재1동
162,162.0,162.0,162.0,162.0,162.0,162.0,162.0,162.0,162.0,162.0,162.0,35.0,,,,,37.4673929326,127.0282687376,양재1동
163,163.0,163.0,163.0,163.0,163.0,163.0,163.0,163.0,163.0,163.0,163.0,36.0,,,,,37.476304,127.036092,양재1동
164,164.0,164.0,164.0,164.0,164.0,164.0,164.0,164.0,164.0,164.0,164.0,37.0,,,,,37.4692693783,127.0268099021,양재1동
165,165.0,165.0,165.0,165.0,165.0,165.0,165.0,165.0,165.0,165.0,165.0,38.0,,,,,37.4773511613,127.0376175038,양재1동
166,166.0,166.0,166.0,166.0,166.0,166.0,166.0,166.0,166.0,166.0,166.0,39.0,,,,,37.4809910796,127.0419262722,양재1동
167,167.0,167.0,167.0,167.0,167.0,167.0,167.0,167.0,167.0,167.0,167.0,40.0,,,,,37.4771882391,127.037054348,양재1동
168,168.0,168.0,168.0,168.0,168.0,168.0,168.0,168.0,168.0,168.0,168.0,41.0,,,,,37.472187,127.03021,양재1동
169,169.0,169.0,169.0,169.0,169.0,169.0,169.0,169.0,169.0,169.0,169.0,42.0,,,,,37.470431,127.030017,양재1동
170,170.0,170.0,170.0,170.0,170.0,170.0,170.0,170.0,170.0,170.0,170.0,43.0,,,,,37.4623284779,127.0221930408,양재1동
171,171.0,171.0,171.0,171.0,171.0,171.0,171.0,171.0,171.0,171.0,171.0,44.0,,,,,37.457567017,127.014646275,양재1동
172,172.0,172.0,172.0,172.0,172.0,172.0,172.0,172.0,172.0,172.0,172.0,45.0,,,,,37.460042,127.025622,양재1동
173,173.0,173.0,173.0,173.0,173.0,173.0,173.0,173.0,173.0,173.0,173.0,46.0,,,,,37.4563449238,127.0151305788,양재1동
174,174.0,174.0,174.0,174.0,174.0,174.0,174.0,174.0,174.0,174.0,174.0,47.0,,,,,37.456464,127.019578,양재1동
175,175.0,175.0,175.0,175.0,175.0,175.0,175.0,175.0,175.0,175.0,175.0,48.0,,,,,37.4579545688,127.0229572647,양재1동
176,176.0,176.0,176.0,176.0,176.0,176.0,176.0,176.0,176.0,176.0,176.0,49.0,,,,,37.4595010532,127.0240810088,양재1동
177,177.0,177.0,177.0,177.0,177.0,177.0,177.0,177.0,177.0,177.0,177.0,50.0,,,,,37.4579865593,127.0227161524,양재1동
178,178.0,178.0,178.0,178.0,178.0,178.0,178.0,178.0,178.0,178.0,178.0,51.0,,,,,37.4561419958,127.0173599771,양재1동
179,179.0,179.0,179.0,179.0,179.0,179.0,179.0,179.0,179.0,179.0,179.0,52.0,,,,,37.464327,127.0246,양재1동
180,180.0,180.0,180.0,180.0,180.0,180.0,180.0,180.0,180.0,180.0,180.0,53.0,,,,,37.4834141055,127.0420565333,양재1동
181,181.0,181.0,181.0,181.0,181.0,181.0,181.0,181.0,181.0,181.0,181.0,54.0,,,,,37.465844,127.023308,양재1동
182,182.0,182.0,182.0,182.0,182.0,182.0,182.0,182.0,182.0,182.0,182.0,55.0,,,,,37.470634,127.030494,양재1동
183,183.0,183.0,183.0,183.0,183.0,183.0,183.0,183.0,183.0,183.0,183.0,56.0,,,,,37.460467,127.024156,양재1동
184,184.0,184.0,184.0,184.0,184.0,184.0,184.0,184.0,184.0,184.0,184.0,57.0,,,,,37.4564279225,127.0153740036,양재1동
185,185.0,185.0,185.0,185.0,185.0,185.0,185.0,185.0,185.0,185.0,185.0,58.0,,,,,37.474539,127.031816,양재1동
186,186.0,186.0,186.0,186.0,186.0,186.0,186.0,186.0,186.0,186.0,186.0,59.0,,,,,37.471705038,127.0306513806,양재1동
187,187.0,187.0,187.0,187.0,187.0,187.0,187.0,187.0,187.0,187.0,187.0,60.0,,,,,37.4826638191,127.0355508885,양재1동
188,188.0,188.0,188.0,188.0,188.0,188.0,188.0,188.0,188.0,188.0,188.0,61.0,,,,,37.4825610693,127.0356299924,양재1동
189,189.0,189.0,189.0,189.0,189.0,189.0,189.0,189.0,189.0,189.0,189.0,62.0,,,,,37.4828368944,127.0353406498,양재1동
190,190.0,190.0,190.0,190.0,190.0,190.0,190.0,190.0,190.0,190.0,190.0,63.0,,,,,37.4782102141,127.0394643451,양재1동
191,191.0,191.0,191.0,191.0,191.0,191.0,191.0,191.0,191.0,191.0,191.0,64.0,,,,,37.4797190114,127.0410922289,양재1동
192,192.0,192.0,192.0,192.0,192.0,192.0,192.0,192.0,192.0,192.0,192.0,65.0,,,,,37.481430551,127.0426750642,양재1동
193,193.0,193.0,193.0,193.0,193.0,193.0,193.0,193.0,193.0,193.0,193.0,66.0,,,,,37.4723103108,127.0281179589,양재1동
194,194.0,194.0,194.0,194.0,194.0,194.0,194.0,194.0,194.0,194.0,194.0,67.0,,,,,37.4691973046,127.0267443044,양재1동
195,195.0,195.0,195.0,195.0,195.0,195.0,195.0,195.0,195.0,195.0,195.0,68.0,,,,,37.4673857939,127.0279736684,양재1동
196,196.0,196.0,196.0,196.0,196.0,196.0,196.0,196.0,196.0,196.0,196.0,69.0,,,,,37.4589669003,127.017847831,양재1동
197,197.0,197.0,197.0,197.0,197.0,197.0,197.0,197.0,197.0,197.0,197.0,70.0,,,,,37.4829090136,127.0352377849,양재1동
198,198.0,198.0,198.0,198.0,198.0,198.0,198.0,198.0,198.0,198.0,198.0,71.0,,,,,37.4835581756,127.0423551365,양재1동
199,199.0,199.0,199.0,199.0,199.0,199.0,199.0,199.0,199.0,199.0,199.0,72.0,,,,,37.484670255,127.0366159066,양재1동
200,200.0,200.0,200.0,200.0,200.0,200.0,200.0,200.0,200.0,200.0,0.0,,,,,,37.5245071942,126.8645744119,신정4동
201,201.0,201.0,201.0,201.0,201.0,201.0,201.0,201.0,201.0,201.0,1.0,,,,,,37.521902,126.85871,신정4동
202,202.0,202.0,202.0,202.0,202.0,202.0,202.0,202.0,202.0,202.0,2.0,,,,,,37.5258057871,126.8631068968,신정4동
203,203.0,203.0,203.0,203.0,203.0,203.0,203.0,203.0,203.0,203.0,3.0,,,,,,37.5253957175,126.8599725442,신정4동
204,204.0,204.0,204.0,204.0,204.0,204.0,204.0,204.0,204.0,204.0,4.0,,,,,,37.5246301301,126.8542989447,신정4동
205,205.0,205.0,205.0,205.0,205.0,205.0,205.0,205.0,205.0,205.0,5.0,,,,,,37.5221525641,126.8614154182,신정4동
206,206.0,206.0,206.0,206.0,206.0,206.0,206.0,206.0,206.0,206.0,6.0,,,,,,37.52253,126.864355,신정4동
207,207.0,207.0,207.0,207.0,207.0,207.0,207.0,207.0,207.0,207.0,7.0,,,,,,37.5212769715,126.853432075,신정4동
208,208.0,208.0,208.0,208.0,208.0,208.0,208.0,208.0,208.0,208.0,8.0,,,,,,37.522625,126.85945,신정4동
209,209.0,209.0,209.0,209.0,209.0,209.0,209.0,209.0,209.0,209.0,9.0,,,,,,37.522473,126.851877,신정4동
210,210.0,210.0,210.0,210.0,210.0,210.0,210.0,210.0,210.0,210.0,10.0,,,,,,37.521515,126.855172,신정4동
211,211.0,211.0,211.0,211.0,211.0,211.0,211.0,211.0,211.0,211.0,11.0,,,,,,37.5280495538,126.8639151684,신정4동
212,212.0,212.0,212.0,212.0,212.0,212.0,212.0,212.0,212.0,212.0,12.0,,,,,,37.5259586072,126.8627909553,신정4동
213,213.0,213.0,213.0,213.0,213.0,213.0,213.0,213.0,213.0,213.0,13.0,,,,,,37.5256530348,126.8603986015,신정4동
214,214.0,214.0,214.0,214.0,214.0,214.0,214.0,214.0,214.0,214.0,14.0,,,,,,37.524902,126.854377,신정4동
215,215.0,215.0,215.0,215.0,215.0,215.0,215.0,215.0,215.0,215.0,15.0,,,,,,37.525068,126.850553,신정4동
216,216.0,216.0,216.0,216.0,216.0,216.0,216.0,216.0,216.0,216.0,16.0,,,,,,37.5253674114,126.864285482,신정4동
217,217.0,217.0,217.0,217.0,217.0,217.0,217.0,217.0,217.0,0.0,,,,,,,37.5436049054,126.9509046196,공덕동
218,218.0,218.0,218.0,218.0,218.0,218.0,218.0,218.0,218.0,1.0,,,,,,,37.546364876,126.9529070766,공덕동
219,219.0,219.0,219.0,219.0,219.0,219.0,219.0,219.0,219.0,2.0,,,,,,,37.5501999331,126.9552123486,공덕동
220,220.0,220.0,220.0,220.0,220.0,220.0,220.0,220.0,220.0,3.0,,,,,,,37.5540780443,126.9571001865,공덕동
221,221.0,221.0,221.0,221.0,221.0,221.0,221.0,221.0,221.0,4.0,,,,,,,37.557975,126.960662,공덕동
222,222.0,222.0,222.0,222.0,222.0,222.0,222.0,222.0,222.0,5.0,,,,,,,37.544413,126.95303,공덕동
223,223.0,223.0,223.0,223.0,223.0,223.0,223.0,223.0,223.0,6.0,,,,,,,37.54435,126.954148,공덕동
224,224.0,224.0,224.0,224.0,224.0,224.0,224.0,224.0,224.0,7.0,,,,,,,37.5459410072,126.9566906448,공덕동
225,225.0,225.0,225.0,225.0,225.0,225.0,225.0,225.0,225.0,8.0,,,,,,,37.545893,126.956162,공덕동
226,226.0,226.0,226.0,226.0,226.0,226.0,226.0,226.0,226.0,9.0,,,,,,,37.548146748,126.9588159115,공덕동
227,227.0,227.0,227.0,227.0,227.0,227.0,227.0,227.0,227.0,10.0,,,,,,,37.547997,126.958985,공덕동
228,228.0,228.0,228.0,228.0,228.0,228.0,228.0,228.0,228.0,11.0,,,,,,,37.5430732748,126.9531626402,공덕동
229,229.0,229.0,229.0,229.0,229.0,229.0,229.0,229.0,229.0,12.0,,,,,,,37.542752,126.953331,공덕동
230,230.0,230.0,230.0,230.0,230.0,230.0,230.0,230.0,230.0,13.0,,,,,,,37.541871,126.955885,공덕동
231,231.0,231.0,231.0,231.0,231.0,231.0,231.0,231.0,231.0,14.0,,,,,,,37.543495,126.951633,공덕동
232,232.0,232.0,232.0,232.0,232.0,232.0,232.0,232.0,232.0,15.0,,,,,,,37.54113,126.956831,공덕동
233,233.0,233.0,233.0,233.0,233.0,233.0,233.0,233.0,233.0,16.0,,,,,,,37.5443868565,126.9541672852,공덕동
234,234.0,234.0,234.0,234.0,234.0,234.0,234.0,234.0,234.0,17.0,,,,,,,37.5471556001,126.9589794255,공덕동
235,235.0,235.0,235.0,235.0,235.0,235.0,235.0,235.0,235.0,18.0,,,,,,,37.5569216068,126.9614845703,공덕동
236,236.0,236.0,236.0,236.0,236.0,236.0,236.0,236.0,236.0,19.0,,,,,,,37.546219,126.959881,공덕동
237,237.0,237.0,237.0,237.0,237.0,237.0,237.0,237.0,237.0,20.0,,,,,,,37.5560100579,126.9625987905,공덕동
238,238.0,238.0,238.0,238.0,238.0,238.0,238.0,238.0,238.0,21.0,,,,,,,37.5576412633,126.9602156344,공덕동
239,239.0,239.0,239.0,239.0,239.0,239.0,239.0,239.0,239.0,22.0,,,,,,,37.556804829,126.9598728435,공덕동
240,240.0,240.0,240.0,240.0,240.0,240.0,240.0,240.0,240.0,23.0,,,,,,,37.5553480504,126.9607372268,공덕동
241,241.0,241.0,241.0,241.0,241.0,241.0,241.0,241.0,241.0,24.0,,,,,,,37.5545623235,126.9608191314,공덕동
242,242.0,242.0,242.0,242.0,242.0,242.0,242.0,242.0,242.0,25.0,,,,,,,37.5580233931,126.9607211084,공덕동
243,243.0,243.0,243.0,243.0,243.0,243.0,243.0,243.0,243.0,26.0,,,,,,,37.5536056568,126.9610258398,공덕동
244,244.0,244.0,244.0,244.0,244.0,244.0,244.0,244.0,244.0,27.0,,,,,,,37.5516189178,126.9622625784,공덕동
245,245.0,245.0,245.0,245.0,245.0,245.0,245.0,245.0,245.0,28.0,,,,,,,37.5432839409,126.9526849444,공덕동
246,246.0,246.0,246.0,246.0,246.0,246.0,246.0,246.0,246.0,29.0,,,,,,,37.550516,126.960085,공덕동
247,247.0,247.0,247.0,247.0,247.0,247.0,247.0,247.0,247.0,30.0,,,,,,,37.5492115356,126.9579450038,공덕동
248,248.0,248.0,248.0,248.0,248.0,248.0,248.0,248.0,248.0,31.0,,,,,,,37.5483812312,126.9568867015,공덕동
249,249.0,249.0,249.0,249.0,249.0,249.0,249.0,249.0,249.0,32.0,,,,,,,37.5488,126.955346,공덕동
250,250.0,250.0,250.0,250.0,250.0,250.0,250.0,250.0,250.0,33.0,,,,,,,37.55034,126.955324,공덕동
251,251.0,251.0,251.0,251.0,251.0,251.0,251.0,251.0,251.0,34.0,,,,,,,37.5525946358,126.9565340004,공덕동
252,252.0,252.0,252.0,252.0,252.0,252.0,252.0,252.0,252.0,35.0,,,,,,,37.544376300510365,126.95157265493984,공덕동
253,253.0,253.0,253.0,253.0,253.0,253.0,253.0,253.0,253.0,36.0,,,,,,,37.54439187191186,126.95108366628236,공덕동
254,254.0,254.0,254.0,254.0,254.0,254.0,254.0,254.0,0.0,,,,,,,,37.5649538546,126.9024231067,성산2동
255,255.0,255.0,255.0,255.0,255.0,255.0,255.0,255.0,1.0,,,,,,,,37.5649023958,126.9018904171,성산2동
256,256.0,256.0,256.0,256.0,256.0,256.0,256.0,256.0,2.0,,,,,,,,37.566106,126.897454,성산2동
257,257.0,257.0,257.0,257.0,257.0,257.0,257.0,257.0,3.0,,,,,,,,37.566664,126.896317,성산2동
258,258.0,258.0,258.0,258.0,258.0,258.0,258.0,258.0,4.0,,,,,,,,37.569236499,126.895467768,성산2동
259,259.0,259.0,259.0,259.0,259.0,259.0,259.0,259.0,5.0,,,,,,,,37.5694982692,126.8949636335,성산2동
260,260.0,260.0,260.0,260.0,260.0,260.0,260.0,260.0,6.0,,,,,,,,37.568523,126.892748,성산2동
261,261.0,261.0,261.0,261.0,261.0,261.0,261.0,261.0,7.0,,,,,,,,37.5695262377,126.9001971302,성산2동
262,262.0,262.0,262.0,262.0,262.0,262.0,262.0,262.0,8.0,,,,,,,,37.566298907,126.8995833556,성산2동
263,263.0,263.0,263.0,263.0,263.0,263.0,263.0,263.0,9.0,,,,,,,,37.5668726108,126.9104194588,성산2동
264,264.0,264.0,264.0,264.0,264.0,264.0,264.0,264.0,10.0,,,,,,,,37.5666220223,126.9103076889,성산2동
265,265.0,265.0,265.0,265.0,265.0,265.0,265.0,265.0,11.0,,,,,,,,37.5677928213,126.9083263491,성산2동
266,266.0,266.0,266.0,266.0,266.0,266.0,266.0,266.0,12.0,,,,,,,,37.5680037628,126.9084370307,성산2동
267,267.0,267.0,267.0,267.0,267.0,267.0,267.0,267.0,13.0,,,,,,,,37.5698617774,126.9038566649,성산2동
268,268.0,268.0,268.0,268.0,268.0,268.0,268.0,268.0,14.0,,,,,,,,37.569712,126.903712,성산2동
269,269.0,269.0,269.0,269.0,269.0,269.0,269.0,269.0,15.0,,,,,,,,37.571597138,126.9014985417,성산2동
270,270.0,270.0,270.0,270.0,270.0,270.0,270.0,270.0,16.0,,,,,,,,37.571461,126.901416,성산2동
271,271.0,271.0,271.0,271.0,271.0,271.0,271.0,271.0,17.0,,,,,,,,37.564767,126.906904,성산2동
272,272.0,272.0,272.0,272.0,272.0,272.0,272.0,272.0,18.0,,,,,,,,37.572855,126.899468,성산2동
273,273.0,273.0,273.0,273.0,273.0,273.0,273.0,273.0,19.0,,,,,,,,37.575079,126.900747,성산2동
274,274.0,274.0,274.0,274.0,274.0,274.0,274.0,274.0,20.0,,,,,,,,37.568313,126.914942,성산2동
275,275.0,275.0,275.0,275.0,275.0,275.0,275.0,275.0,21.0,,,,,,,,37.5678973956,126.9153689271,성산2동
276,276.0,276.0,276.0,276.0,276.0,276.0,276.0,276.0,22.0,,,,,,,,37.5742321541,126.9028581629,성산2동
277,277.0,277.0,277.0,277.0,277.0,277.0,277.0,277.0,23.0,,,,,,,,37.5738331722,126.9031032213,성산2동
278,278.0,278.0,278.0,278.0,278.0,278.0,278.0,278.0,24.0,,,,,,,,37.5716856118,126.9072675947,성산2동
279,279.0,279.0,279.0,279.0,279.0,279.0,279.0,279.0,25.0,,,,,,,,37.571463,126.907287,성산2동
280,280.0,280.0,280.0,280.0,280.0,280.0,280.0,280.0,26.0,,,,,,,,37.569452,126.912103,성산2동
281,281.0,281.0,281.0,281.0,281.0,281.0,281.0,281.0,27.0,,,,,,,,37.569305,126.912038,성산2동
282,282.0,282.0,282.0,282.0,282.0,282.0,282.0,282.0,28.0,,,,,,,,37.56673,126.913607,성산2동
283,283.0,283.0,283.0,283.0,283.0,283.0,283.0,283.0,29.0,,,,,,,,37.5664713538,126.9136846815,성산2동
284,284.0,284.0,284.0,284.0,284.0,284.0,284.0,284.0,30.0,,,,,,,,37.5660689383,126.8972675665,성산2동
285,285.0,285.0,285.0,285.0,285.0,285.0,285.0,285.0,31.0,,,,,,,,37.5657503917,126.9009458973,성산2동
286,286.0,286.0,286.0,286.0,286.0,286.0,286.0,286.0,32.0,,,,,,,,37.5692704064,126.9002903006,성산2동
287,287.0,287.0,287.0,287.0,287.0,287.0,287.0,287.0,33.0,,,,,,,,37.566822815,126.9101093439,성산2동
288,288.0,288.0,288.0,288.0,288.0,288.0,288.0,288.0,34.0,,,,,,,,37.573784664,126.8994147382,성산2동
289,289.0,289.0,289.0,289.0,289.0,289.0,289.0,289.0,35.0,,,,,,,,37.5665745631,126.9107016888,성산2동
290,290.0,290.0,290.0,290.0,290.0,290.0,290.0,290.0,36.0,,,,,,,,37.5699733715,126.9036833144,성산2동
291,291.0,291.0,291.0,291.0,291.0,291.0,291.0,291.0,37.0,,,,,,,,37.5695938487,126.9001896889,성산2동
292,292.0,292.0,292.0,292.0,292.0,292.0,292.0,292.0,38.0,,,,,,,,37.5663149654,126.8995256257,성산2동
293,293.0,293.0,293.0,293.0,293.0,293.0,293.0,293.0,39.0,,,,,,,,37.5680244492,126.9083871955,성산2동
294,294.0,294.0,294.0,294.0,294.0,294.0,294.0,0.0,,,,,,,,,37.484498,127.103737,세곡동
295,295.0,295.0,295.0,295.0,295.0,295.0,295.0,1.0,,,,,,,,,37.478158,127.11335,세곡동
296,296.0,296.0,296.0,296.0,296.0,296.0,296.0,2.0,,,,,,,,,37.477818,127.113478,세곡동
297,297.0,297.0,297.0,297.0,297.0,297.0,297.0,3.0,,,,,,,,,37.469635,127.108095,세곡동
298,298.0,298.0,298.0,298.0,298.0,298.0,298.0,4.0,,,,,,,,,37.469462,127.107673,세곡동
299,299.0,299.0,299.0,299.0,299.0,299.0,299.0,5.0,,,,,,,,,37.465344,127.102535,세곡동
300,300.0,300.0,300.0,300.0,300.0,300.0,300.0,6.0,,,,,,,,,37.465433,127.099922,세곡동
301,301.0,301.0,301.0,301.0,301.0,301.0,301.0,7.0,,,,,,,,,37.4646708281,127.1068384861,세곡동
302,302.0,302.0,302.0,302.0,302.0,302.0,302.0,8.0,,,,,,,,,37.4635777855,127.1078294794,세곡동
303,303.0,303.0,303.0,303.0,303.0,303.0,303.0,9.0,,,,,,,,,37.464611,127.109506,세곡동
304,304.0,304.0,304.0,304.0,304.0,304.0,304.0,10.0,,,,,,,,,37.4656909003,127.1163609853,세곡동
305,305.0,305.0,305.0,305.0,305.0,305.0,305.0,11.0,,,,,,,,,37.4679153957,127.1211804938,세곡동
306,306.0,306.0,306.0,306.0,306.0,306.0,306.0,12.0,,,,,,,,,37.4679987199,127.1207679842,세곡동
307,307.0,307.0,307.0,307.0,307.0,307.0,307.0,13.0,,,,,,,,,37.4670229687,127.1188445352,세곡동
308,308.0,308.0,308.0,308.0,308.0,308.0,308.0,14.0,,,,,,,,,37.464935,127.109393,세곡동
309,309.0,309.0,309.0,309.0,309.0,309.0,309.0,15.0,,,,,,,,,37.465806,127.108547,세곡동
310,310.0,310.0,310.0,310.0,310.0,310.0,310.0,16.0,,,,,,,,,37.472383,127.10735,세곡동
311,311.0,311.0,311.0,311.0,311.0,311.0,311.0,17.0,,,,,,,,,37.474548,127.106784,세곡동
312,312.0,312.0,312.0,312.0,312.0,312.0,312.0,18.0,,,,,,,,,37.481887,127.105076,세곡동
313,313.0,313.0,313.0,313.0,313.0,313.0,313.0,19.0,,,,,,,,,37.4826545844,127.1043990475,세곡동
314,314.0,314.0,314.0,314.0,314.0,314.0,314.0,20.0,,,,,,,,,37.475134,127.106266,세곡동
315,315.0,315.0,315.0,315.0,315.0,315.0,315.0,21.0,,,,,,,,,37.4722247345,127.106920465,세곡동
316,316.0,316.0,316.0,316.0,316.0,316.0,316.0,22.0,,,,,,,,,37.465764,127.098699,세곡동
317,317.0,317.0,317.0,317.0,317.0,317.0,317.0,23.0,,,,,,,,,37.464972,127.094703,세곡동
318,318.0,318.0,318.0,318.0,318.0,318.0,318.0,24.0,,,,,,,,,37.465062,127.096478,세곡동
319,319.0,319.0,319.0,319.0,319.0,319.0,319.0,25.0,,,,,,,,,37.478021,127.105958,세곡동
320,320.0,320.0,320.0,320.0,320.0,320.0,320.0,26.0,,,,,,,,,37.478608,127.105347,세곡동
321,321.0,321.0,321.0,321.0,321.0,321.0,321.0,27.0,,,,,,,,,37.47693,127.110063,세곡동
322,322.0,322.0,322.0,322.0,322.0,322.0,322.0,28.0,,,,,,,,,37.4723483229,127.0973806587,세곡동
323,323.0,323.0,323.0,323.0,323.0,323.0,323.0,29.0,,,,,,,,,37.470248,127.091797,세곡동
324,324.0,324.0,324.0,324.0,324.0,324.0,324.0,30.0,,,,,,,,,37.470412,127.092048,세곡동
325,325.0,325.0,325.0,325.0,325.0,325.0,325.0,31.0,,,,,,,,,37.465069,127.106555,세곡동
326,326.0,326.0,326.0,326.0,326.0,326.0,326.0,32.0,,,,,,,,,37.47326,127.101727,세곡동
327,327.0,327.0,327.0,327.0,327.0,327.0,327.0,33.0,,,,,,,,,37.4731023528,127.1018882443,세곡동
328,328.0,328.0,328.0,328.0,328.0,328.0,328.0,34.0,,,,,,,,,37.472291,127.09525,세곡동
329,329.0,329.0,329.0,329.0,329.0,329.0,329.0,35.0,,,,,,,,,37.467538,127.093839,세곡동
330,330.0,330.0,330.0,330.0,330.0,330.0,330.0,36.0,,,,,,,,,37.467688,127.093912,세곡동
331,331.0,331.0,331.0,331.0,331.0,331.0,331.0,37.0,,,,,,,,,37.4756585108,127.1072950785,세곡동
332,332.0,332.0,332.0,332.0,332.0,332.0,332.0,38.0,,,,,,,,,37.4760978962,127.1076846516,세곡동
333,333.0,333.0,333.0,333.0,333.0,333.0,333.0,39.0,,,,,,,,,37.476668,127.110393,세곡동
334,334.0,334.0,334.0,334.0,334.0,334.0,334.0,40.0,,,,,,,,,37.4752274507,127.1048166174,세곡동
335,335.0,335.0,335.0,335.0,335.0,335.0,335.0,41.0,,,,,,,,,37.465026,127.102457,세곡동
336,336.0,336.0,336.0,336.0,336.0,336.0,336.0,42.0,,,,,,,,,37.4750109081,127.1049627778,세곡동
337,337.0,337.0,337.0,337.0,337.0,337.0,337.0,43.0,,,,,,,,,37.4647336817,127.1060868044,세곡동
338,338.0,338.0,338.0,338.0,338.0,338.0,338.0,44.0,,,,,,,,,37.467409,127.101834,세곡동
339,339.0,339.0,339.0,339.0,339.0,339.0,339.0,45.0,,,,,,,,,37.465202563,127.1077413737,세곡동
340,340.0,340.0,340.0,340.0,340.0,340.0,340.0,46.0,,,,,,,,,37.464601,127.101708,세곡동
341,341.0,341.0,341.0,341.0,341.0,341.0,341.0,47.0,,,,,,,,,37.4689755358,127.1039561716,세곡동
342,342.0,342.0,342.0,342.0,342.0,342.0,342.0,48.0,,,,,,,,,37.47122,127.106467,세곡동
343,343.0,343.0,343.0,343.0,343.0,343.0,343.0,49.0,,,,,,,,,37.471284,127.106377,세곡동
344,344.0,344.0,344.0,344.0,344.0,344.0,344.0,50.0,,,,,,,,,37.469051,127.103892,세곡동
345,345.0,345.0,345.0,345.0,345.0,345.0,345.0,51.0,,,,,,,,,37.46752,127.101745,세곡동
346,346.0,346.0,346.0,346.0,346.0,346.0,346.0,52.0,,,,,,,,,37.466996,127.097637,세곡동
347,347.0,347.0,347.0,347.0,347.0,347.0,347.0,53.0,,,,,,,,,37.466983,127.10091,세곡동
348,348.0,348.0,348.0,348.0,348.0,348.0,348.0,54.0,,,,,,,,,37.465498,127.101311,세곡동
349,349.0,349.0,349.0,349.0,349.0,349.0,349.0,55.0,,,,,,,,,37.466836,127.094527,세곡동
350,350.0,350.0,350.0,350.0,350.0,350.0,350.0,56.0,,,,,,,,,37.466784,127.094374,세곡동
351,351.0,351.0,351.0,351.0,351.0,351.0,351.0,57.0,,,,,,,,,37.467068,127.099996,세곡동
352,352.0,352.0,352.0,352.0,352.0,352.0,352.0,58.0,,,,,,,,,37.467142,127.096766,세곡동
353,353.0,353.0,353.0,353.0,353.0,353.0,353.0,59.0,,,,,,,,,37.463042,127.103828,세곡동
354,354.0,354.0,354.0,354.0,354.0,354.0,354.0,60.0,,,,,,,,,37.460694,127.10349,세곡동
355,355.0,355.0,355.0,355.0,355.0,355.0,355.0,61.0,,,,,,,,,37.4665036794,127.1017345829,세곡동
356,356.0,356.0,356.0,356.0,356.0,356.0,356.0,62.0,,,,,,,,,37.4633952819,127.1013912358,세곡동
357,357.0,357.0,357.0,357.0,357.0,357.0,357.0,63.0,,,,,,,,,37.463471,127.102259,세곡동
358,358.0,358.0,358.0,358.0,358.0,358.0,358.0,64.0,,,,,,,,,37.461224,127.101871,세곡동
359,359.0,359.0,359.0,359.0,359.0,359.0,0.0,,,,,,,,,,37.5001266228,127.1416513795,오금동
360,360.0,360.0,360.0,360.0,360.0,360.0,1.0,,,,,,,,,,37.508848,127.126495,오금동
361,361.0,361.0,361.0,361.0,361.0,361.0,2.0,,,,,,,,,,37.5032944565,127.1264326302,오금동
362,362.0,362.0,362.0,362.0,362.0,362.0,3.0,,,,,,,,,,37.499213,127.13297,오금동
363,363.0,363.0,363.0,363.0,363.0,363.0,4.0,,,,,,,,,,37.497653816,127.1359380431,오금동
364,364.0,364.0,364.0,364.0,364.0,364.0,5.0,,,,,,,,,,37.496447,127.138228,오금동
365,365.0,365.0,365.0,365.0,365.0,365.0,6.0,,,,,,,,,,37.4980789633,127.1407036537,오금동
366,366.0,366.0,366.0,366.0,366.0,366.0,7.0,,,,,,,,,,37.502548108,127.1402155083,오금동
367,367.0,367.0,367.0,367.0,367.0,367.0,8.0,,,,,,,,,,37.50241,127.140012,오금동
368,368.0,368.0,368.0,368.0,368.0,368.0,9.0,,,,,,,,,,37.5036199871,127.1375165211,오금동
369,369.0,369.0,369.0,369.0,369.0,369.0,10.0,,,,,,,,,,37.5038625052,127.1374117762,오금동
370,370.0,370.0,370.0,370.0,370.0,370.0,11.0,,,,,,,,,,37.5043505304,127.1353925625,오금동
371,371.0,371.0,371.0,371.0,371.0,371.0,12.0,,,,,,,,,,37.505033,127.134153,오금동
372,372.0,372.0,372.0,372.0,372.0,372.0,13.0,,,,,,,,,,37.5061531582,127.1354499522,오금동
373,373.0,373.0,373.0,373.0,373.0,373.0,14.0,,,,,,,,,,37.506195,127.135317,오금동
374,374.0,374.0,374.0,374.0,374.0,374.0,15.0,,,,,,,,,,37.506034168,127.1310600773,오금동
375,375.0,375.0,375.0,375.0,375.0,375.0,16.0,,,,,,,,,,37.5063791494,127.1310586523,오금동
376,376.0,376.0,376.0,376.0,376.0,376.0,17.0,,,,,,,,,,37.507917,127.12799,오금동
377,377.0,377.0,377.0,377.0,377.0,377.0,18.0,,,,,,,,,,37.507652,127.128115,오금동
378,378.0,378.0,378.0,378.0,378.0,378.0,19.0,,,,,,,,,,37.4999787589,127.1358517768,오금동
379,379.0,379.0,379.0,379.0,379.0,379.0,20.0,,,,,,,,,,37.4997505359,127.1360639933,오금동
380,380.0,380.0,380.0,380.0,380.0,380.0,21.0,,,,,,,,,,37.5027436793,127.1378915552,오금동
381,381.0,381.0,381.0,381.0,381.0,381.0,22.0,,,,,,,,,,37.502775,127.138162,오금동
382,382.0,382.0,382.0,382.0,382.0,382.0,23.0,,,,,,,,,,37.5053573702,127.1350449386,오금동
383,383.0,383.0,383.0,383.0,383.0,383.0,24.0,,,,,,,,,,37.5018326648,127.1287989134,오금동
384,384.0,384.0,384.0,384.0,384.0,384.0,25.0,,,,,,,,,,37.505397,127.139223,오금동
385,385.0,385.0,385.0,385.0,385.0,385.0,26.0,,,,,,,,,,37.5062520048,127.1392429305,오금동
386,386.0,386.0,386.0,386.0,386.0,386.0,27.0,,,,,,,,,,37.50685,127.140918,오금동
387,387.0,387.0,387.0,387.0,387.0,387.0,28.0,,,,,,,,,,37.5077220872,127.1327576434,오금동
388,388.0,388.0,388.0,388.0,388.0,388.0,29.0,,,,,,,,,,37.506373,127.131895,오금동
389,389.0,389.0,389.0,389.0,389.0,389.0,30.0,,,,,,,,,,37.5029792202,127.1288164094,오금동
390,390.0,390.0,390.0,390.0,390.0,390.0,31.0,,,,,,,,,,37.502638,127.129057,오금동
391,391.0,391.0,391.0,391.0,391.0,391.0,32.0,,,,,,,,,,37.5053272821,127.1316690127,오금동
392,392.0,392.0,392.0,392.0,392.0,392.0,33.0,,,,,,,,,,37.5069661108,127.1327475445,오금동
393,393.0,393.0,393.0,393.0,393.0,393.0,34.0,,,,,,,,,,37.506608,127.140875,오금동
394,394.0,394.0,394.0,394.0,394.0,394.0,35.0,,,,,,,,,,37.506099,127.132164,오금동
395,395.0,395.0,395.0,395.0,395.0,395.0,36.0,,,,,,,,,,37.5066818144,127.132089393,오금동
396,396.0,396.0,396.0,396.0,396.0,396.0,37.0,,,,,,,,,,37.5110954671,127.1287692349,오금동
397,397.0,397.0,397.0,397.0,397.0,397.0,38.0,,,,,,,,,,37.507867,127.136911,오금동
398,398.0,398.0,398.0,398.0,398.0,398.0,39.0,,,,,,,,,,37.49819246830591,127.13503399427564,오금동
399,399.0,399.0,399.0,399.0,399.0,399.0,40.0,,,,,,,,,,37.50237872868276,127.12812266456204,오금동
400,400.0,400.0,400.0,400.0,400.0,400.0,41.0,,,,,,,,,,37.50259900550941,127.12844043450916,오금동
401,401.0,401.0,401.0,401.0,401.0,401.0,42.0,,,,,,,,,,37.50887550211531,127.12645170899928,오금동
402,402.0,402.0,402.0,402.0,402.0,0.0,,,,,,,,,,,37.5545587211,127.1393191473,암사1동
403,403.0,403.0,403.0,403.0,403.0,1.0,,,,,,,,,,,37.554623,127.136093,암사1동
404,404.0,404.0,404.0,404.0,404.0,2.0,,,,,,,,,,,37.5546138434,127.1313205443,암사1동
405,405.0,405.0,405.0,405.0,405.0,3.0,,,,,,,,,,,37.553233,127.128813,암사1동
406,406.0,406.0,406.0,406.0,406.0,4.0,,,,,,,,,,,37.5505952077,127.1397441084,암사1동
407,407.0,407.0,407.0,407.0,407.0,5.0,,,,,,,,,,,37.5500706967,127.1375044877,암사1동
408,408.0,408.0,408.0,408.0,408.0,6.0,,,,,,,,,,,37.5480835452,127.1353709023,암사1동
409,409.0,409.0,409.0,409.0,409.0,7.0,,,,,,,,,,,37.547634262,127.1334687776,암사1동
410,410.0,410.0,410.0,410.0,410.0,8.0,,,,,,,,,,,37.5490807055,127.130071564,암사1동
411,411.0,411.0,411.0,411.0,411.0,9.0,,,,,,,,,,,37.5498250896,127.1283514406,암사1동
412,412.0,412.0,412.0,412.0,412.0,10.0,,,,,,,,,,,37.5506330065,127.1278571069,암사1동
413,413.0,413.0,413.0,413.0,413.0,11.0,,,,,,,,,,,37.553522,127.128864,암사1동
414,414.0,414.0,414.0,414.0,414.0,12.0,,,,,,,,,,,37.548070466,127.1353378591,암사1동
415,415.0,415.0,415.0,415.0,415.0,13.0,,,,,,,,,,,37.5501947428,127.137766155,암사1동
416,416.0,416.0,416.0,416.0,416.0,14.0,,,,,,,,,,,37.5506426076,127.1400463819,암사1동
417,417.0,417.0,417.0,417.0,0.0,,,,,,,,,,,,37.5496007079,127.127528264,천호2동
418,418.0,418.0,418.0,418.0,1.0,,,,,,,,,,,,37.5459692284,127.1259116562,천호2동
419,419.0,419.0,419.0,419.0,2.0,,,,,,,,,,,,37.546075,127.126227,천호2동
420,420.0,420.0,420.0,420.0,3.0,,,,,,,,,,,,37.542905,127.124773,천호2동
421,421.0,421.0,421.0,421.0,4.0,,,,,,,,,,,,37.5420613974,127.124856045,천호2동
422,422.0,422.0,422.0,422.0,5.0,,,,,,,,,,,,37.540348,127.123927,천호2동
423,423.0,423.0,423.0,423.0,6.0,,,,,,,,,,,,37.5399531076,127.1240057241,천호2동
424,424.0,424.0,424.0,424.0,7.0,,,,,,,,,,,,37.5446006791,127.1323090477,천호2동
425,425.0,425.0,425.0,425.0,8.0,,,,,,,,,,,,37.5445369862,127.1312462814,천호2동
426,426.0,426.0,426.0,426.0,9.0,,,,,,,,,,,,37.545113,127.129015,천호2동
427,427.0,427.0,427.0,427.0,10.0,,,,,,,,,,,,37.5449352859,127.1290018939,천호2동
428,428.0,428.0,428.0,428.0,11.0,,,,,,,,,,,,37.539294,127.122232,천호2동
429,429.0,429.0,429.0,429.0,12.0,,,,,,,,,,,,37.5426653669,127.1312860033,천호2동
430,430.0,430.0,430.0,430.0,13.0,,,,,,,,,,,,37.5412474515,127.130102088,천호2동
431,431.0,431.0,431.0,431.0,14.0,,,,,,,,,,,,37.540564881,127.1271982797,천호2동
432,432.0,432.0,432.0,432.0,15.0,,,,,,,,,,,,37.5408597005,127.1253621434,천호2동
433,433.0,433.0,433.0,433.0,16.0,,,,,,,,,,,,37.5403621445,127.1271888823,천호2동
434,434.0,434.0,434.0,434.0,17.0,,,,,,,,,,,,37.5408398008,127.1254334028,천호2동
435,435.0,435.0,435.0,435.0,18.0,,,,,,,,,,,,37.5430435328,127.1315503441,천호2동
436,436.0,436.0,436.0,436.0,19.0,,,,,,,,,,,,37.545888,127.133649,천호2동
437,437.0,437.0,437.0,437.0,20.0,,,,,,,,,,,,37.540697107,127.1290758762,천호2동
438,438.0,438.0,438.0,438.0,21.0,,,,,,,,,,,,37.5496990461,127.1282504974,천호2동
439,439.0,439.0,439.0,439.0,22.0,,,,,,,,,,,,37.5488715672,127.1301481597,천호2동
440,440.0,440.0,440.0,440.0,23.0,,,,,,,,,,,,37.5475443585,127.1332864085,천호2동
441,441.0,441.0,441.0,441.0,24.0,,,,,,,,,,,,37.5405557883,127.1272740832,천호2동
442,442.0,442.0,442.0,442.0,25.0,,,,,,,,,,,,37.5403430618,127.1273370925,천호2동
443,443.0,443.0,443.0,0.0,,,,,,,,,,,,,37.678717,127.053177,상계1동
444,444.0,444.0,444.0,1.0,,,,,,,,,,,,,37.678501,127.053318,상계1동
445,445.0,445.0,445.0,2.0,,,,,,,,,,,,,37.6771708775,127.0555614524,상계1동
446,446.0,446.0,446.0,3.0,,,,,,,,,,,,,37.6773540117,127.0551013061,상계1동
447,447.0,447.0,447.0,4.0,,,,,,,,,,,,,37.6735135543,127.0552560424,상계1동
448,448.0,448.0,448.0,5.0,,,,,,,,,,,,,37.67292,127.055736,상계1동
449,449.0,449.0,449.0,6.0,,,,,,,,,,,,,37.6717178437,127.0509549057,상계1동
450,450.0,450.0,450.0,7.0,,,,,,,,,,,,,37.6709521187,127.0525754362,상계1동
451,451.0,451.0,451.0,8.0,,,,,,,,,,,,,37.6890118581,127.0556485232,상계1동
452,452.0,452.0,452.0,9.0,,,,,,,,,,,,,37.6828387764,127.0552708957,상계1동
453,453.0,453.0,453.0,10.0,,,,,,,,,,,,,37.682928,127.055555,상계1동
454,454.0,454.0,454.0,11.0,,,,,,,,,,,,,37.6802094382,127.0552746136,상계1동
455,455.0,455.0,455.0,12.0,,,,,,,,,,,,,37.680261,127.055504,상계1동
456,456.0,456.0,456.0,13.0,,,,,,,,,,,,,37.68721,127.052687,상계1동
457,457.0,457.0,457.0,14.0,,,,,,,,,,,,,37.6746356354,127.0602823906,상계1동
458,458.0,458.0,458.0,15.0,,,,,,,,,,,,,37.674971,127.057874,상계1동
459,459.0,459.0,459.0,16.0,,,,,,,,,,,,,37.675835,127.055857,상계1동
460,460.0,460.0,460.0,17.0,,,,,,,,,,,,,37.677823,127.055226,상계1동
461,461.0,461.0,461.0,18.0,,,,,,,,,,,,,37.6725397529,127.0546941742,상계1동
462,462.0,462.0,462.0,19.0,,,,,,,,,,,,,37.6720621442,127.0528006763,상계1동
463,463.0,463.0,463.0,20.0,,,,,,,,,,,,,37.680258992,127.0552859878,상계1동
464,464.0,464.0,464.0,21.0,,,,,,,,,,,,,37.6727734628,127.0559095992,상계1동
465,465.0,465.0,465.0,22.0,,,,,,,,,,,,,37.6735874431,127.0552549636,상계1동
466,466.0,466.0,466.0,23.0,,,,,,,,,,,,,37.678762,127.053626,상계1동
467,467.0,467.0,467.0,24.0,,,,,,,,,,,,,37.687056013,127.0528498554,상계1동
468,468.0,468.0,468.0,25.0,,,,,,,,,,,,,37.6706636759,127.0566788642,상계1동
469,469.0,469.0,469.0,26.0,,,,,,,,,,,,,37.6755694441,127.0560307331,상계1동
470,470.0,470.0,470.0,27.0,,,,,,,,,,,,,37.6748739104,127.0576989633,상계1동
471,471.0,471.0,471.0,28.0,,,,,,,,,,,,,37.6743422459,127.059571351,상계1동
472,472.0,472.0,472.0,29.0,,,,,,,,,,,,,37.6707308288,127.053742889,상계1동
473,473.0,473.0,0.0,,,,,,,,,,,,,,37.615274256,127.0669732146,월계3동
474,474.0,474.0,1.0,,,,,,,,,,,,,,37.6158054934,127.0692324274,월계3동
475,475.0,475.0,2.0,,,,,,,,,,,,,,37.6182551734,127.0698588736,월계3동
476,476.0,476.0,3.0,,,,,,,,,,,,,,37.619455,127.069878,월계3동
477,477.0,477.0,4.0,,,,,,,,,,,,,,37.619986091,127.0699692449,월계3동
478,478.0,478.0,5.0,,,,,,,,,,,,,,37.621683,127.069345,월계3동
479,479.0,479.0,6.0,,,,,,,,,,,,,,37.6231065697,127.0683895402,월계3동
480,480.0,480.0,7.0,,,,,,,,,,,,,,37.6233839659,127.0686265665,월계3동
481,481.0,481.0,8.0,,,,,,,,,,,,,,37.6251751879,127.0672913812,월계3동
482,482.0,482.0,9.0,,,,,,,,,,,,,,37.6253210274,127.0675294239,월계3동
483,483.0,483.0,10.0,,,,,,,,,,,,,,37.6264654662,127.0658231365,월계3동
484,484.0,484.0,11.0,,,,,,,,,,,,,,37.6266627148,127.0659819208,월계3동
485,485.0,485.0,12.0,,,,,,,,,,,,,,37.6274651272,127.0647089816,월계3동
486,486.0,486.0,13.0,,,,,,,,,,,,,,37.6275517792,127.0649064093,월계3동
487,487.0,487.0,14.0,,,,,,,,,,,,,,37.6321018431,127.0605822539,월계3동
488,488.0,488.0,15.0,,,,,,,,,,,,,,37.6319802807,127.0604190015,월계3동
489,489.0,489.0,16.0,,,,,,,,,,,,,,37.6339280991,127.0592762067,월계3동
490,490.0,490.0,17.0,,,,,,,,,,,,,,37.6337353806,127.0590505789,월계3동
491,491.0,491.0,18.0,,,,,,,,,,,,,,37.631974,127.061623,월계3동
492,492.0,492.0,19.0,,,,,,,,,,,,,,37.631739,127.061715,월계3동
493,493.0,493.0,20.0,,,,,,,,,,,,,,37.6214670481,127.0691617763,월계3동
494,494.0,494.0,21.0,,,,,,,,,,,,,,37.627735,127.064418,월계3동
495,495.0,495.0,22.0,,,,,,,,,,,,,,37.627618,127.06447,월계3동
496,496.0,496.0,23.0,,,,,,,,,,,,,,37.624038,127.068042,월계3동
497,497.0,0.0,,,,,,,,,,,,,,,37.603607,127.031172,종암동
498,498.0,1.0,,,,,,,,,,,,,,,37.602447,127.034373,종암동
499,499.0,2.0,,,,,,,,,,,,,,,37.602052,127.037613,종암동
500,500.0,3.0,,,,,,,,,,,,,,,37.6014326326,127.0330443723,종암동
501,501.0,4.0,,,,,,,,,,,,,,,37.601095,127.033673,종암동
502,502.0,5.0,,,,,,,,,,,,,,,37.5994152643,127.0341075456,종암동
503,503.0,6.0,,,,,,,,,,,,,,,37.598373,127.034953,종암동
504,504.0,7.0,,,,,,,,,,,,,,,37.5948052663,127.0356811781,종암동
505,505.0,8.0,,,,,,,,,,,,,,,37.5943969245,127.036170198,종암동
506,506.0,9.0,,,,,,,,,,,,,,,37.598242,127.039436,종암동
507,507.0,10.0,,,,,,,,,,,,,,,37.5961434071,127.0383641124,종암동
508,508.0,11.0,,,,,,,,,,,,,,,37.593648,127.037164,종암동
509,509.0,12.0,,,,,,,,,,,,,,,37.5985623481,127.0272458091,종암동
510,510.0,13.0,,,,,,,,,,,,,,,37.5932844701,127.0348752977,종암동
511,511.0,14.0,,,,,,,,,,,,,,,37.594027,127.035902,종암동
512,512.0,15.0,,,,,,,,,,,,,,,37.598640621,127.027767923,종암동
513,513.0,16.0,,,,,,,,,,,,,,,37.5943749086,127.0344613329,종암동
514,514.0,17.0,,,,,,,,,,,,,,,37.5925498469,127.0356653798,종암동
515,515.0,18.0,,,,,,,,,,,,,,,37.5995314443,127.0292269396,종암동
516,516.0,19.0,,,,,,,,,,,,,,,37.5954238021,127.0343689551,종암동
517,517.0,20.0,,,,,,,,,,,,,,,37.5913557733,127.0330195331,종암동
518,518.0,21.0,,,,,,,,,,,,,,,37.5990484356,127.0293309418,종암동
519,519.0,22.0,,,,,,,,,,,,,,,37.5960223777,127.0334881714,종암동
520,520.0,23.0,,,,,,,,,,,,,,,37.5977570629,127.0297868295,종암동
521,521.0,24.0,,,,,,,,,,,,,,,37.5968921594,127.0326607185,종암동
522,522.0,25.0,,,,,,,,,,,,,,,37.5979829182,127.0310202081,종암동
523,523.0,26.0,,,,,,,,,,,,,,,37.59774179,127.0330031027,종암동
524,524.0,27.0,,,,,,,,,,,,,,,37.5978024471,127.0319702953,종암동
525,525.0,28.0,,,,,,,,,,,,,,,37.5978526869,127.0327766528,종암동
526,526.0,29.0,,,,,,,,,,,,,,,37.5978597954,127.0297528957,종암동
527,527.0,30.0,,,,,,,,,,,,,,,37.5988695825,127.0342980595,종암동
528,528.0,31.0,,,,,,,,,,,,,,,37.5979671042,127.0328514477,종암동
529,529.0,32.0,,,,,,,,,,,,,,,37.5979024838,127.0319114484,종암동
530,530.0,33.0,,,,,,,,,,,,,,,37.6013301158,127.0288153961,종암동
531,531.0,34.0,,,,,,,,,,,,,,,37.5980964627,127.0309919428,종암동
532,532.0,35.0,,,,,,,,,,,,,,,37.6017407751,127.0297680319,종암동
533,533.0,36.0,,,,,,,,,,,,,,,37.6021839366,127.0304477445,종암동
534,534.0,37.0,,,,,,,,,,,,,,,37.602575,127.030928,종암동
535,535.0,38.0,,,,,,,,,,,,,,,37.6035229732,127.0303644793,종암동
536,536.0,39.0,,,,,,,,,,,,,,,37.5986595673,127.0276682695,종암동
537,537.0,40.0,,,,,,,,,,,,,,,37.5995439814,127.0329450077,종암동
538,538.0,41.0,,,,,,,,,,,,,,,37.600991,127.03341,종암동
539,539.0,42.0,,,,,,,,,,,,,,,37.6027999972,127.031525069,종암동
540,540.0,43.0,,,,,,,,,,,,,,,37.602206504,127.0302914603,종암동
541,541.0,44.0,,,,,,,,,,,,,,,37.6018588018,127.0298303694,종암동
542,542.0,45.0,,,,,,,,,,,,,,,37.6012022543,127.0284325466,종암동
543,543.0,46.0,,,,,,,,,,,,,,,37.5996513018,127.0291748905,종암동
544,544.0,47.0,,,,,,,,,,,,,,,37.5977742664,127.0328694828,종암동
545,545.0,48.0,,,,,,,,,,,,,,,37.596973297,127.0325169289,종암동
546,546.0,49.0,,,,,,,,,,,,,,,37.596016114,127.0333330207,종암동
547,547.0,50.0,,,,,,,,,,,,,,,37.5948925645,127.036034544,종암동
548,548.0,51.0,,,,,,,,,,,,,,,37.5954193263,127.0342670319,종암동
549,549.0,52.0,,,,,,,,,,,,,,,37.5943641285,127.0343480838,종암동
550,550.0,53.0,,,,,,,,,,,,,,,37.5932304366,127.0347676921,종암동
551,551.0,54.0,,,,,,,,,,,,,,,37.5990565246,127.0294147509,종암동
552,552.0,55.0,,,,,,,,,,,,,,,37.5995701571,127.0293639897,종암동
553,553.0,56.0,,,,,,,,,,,,,,,37.589903701881,127.03599628981162,종암동
554,0.0,,,,,,,,,,,,,,,,37.6890359607,127.0455053816,도봉1동
555,1.0,,,,,,,,,,,,,,,,37.6839230725,127.04598371,도봉1동
556,2.0,,,,,,,,,,,,,,,,37.6776824784,127.0448851161,도봉1동
557,3.0,,,,,,,,,,,,,,,,37.6733126379,127.0441629656,도봉1동
558,4.0,,,,,,,,,,,,,,,,37.6699703757,127.0436250299,도봉1동
559,5.0,,,,,,,,,,,,,,,,37.6826140348,127.0456109086,도봉1동
560,6.0,,,,,,,,,,,,,,,,37.6770277354,127.0446529158,도봉1동
561,7.0,,,,,,,,,,,,,,,,37.6741048347,127.0441500898,도봉1동
562,8.0,,,,,,,,,,,,,,,,37.687083,127.040722,도봉1동
563,9.0,,,,,,,,,,,,,,,,37.687318,127.044188,도봉1동
564,10.0,,,,,,,,,,,,,,,,37.687489,127.044031,도봉1동
565,11.0,,,,,,,,,,,,,,,,37.671205,127.042713,도봉1동
566,12.0,,,,,,,,,,,,,,,,37.6713119921,127.0428107756,도봉1동
567,13.0,,,,,,,,,,,,,,,,37.687222,127.040693,도봉1동
568,14.0,,,,,,,,,,,,,,,,37.6898762161,127.0444996062,도봉1동
569,15.0,,,,,,,,,,,,,,,,37.6899483575,127.0443522431,도봉1동
570,16.0,,,,,,,,,,,,,,,,37.690177,127.044267,도봉1동
571,17.0,,,,,,,,,,,,,,,,37.6710237818,127.0398564343,도봉1동
572,18.0,,,,,,,,,,,,,,,,37.6728138601,127.0409094029,도봉1동
573,19.0,,,,,,,,,,,,,,,,37.6744514399,127.0425393678,도봉1동
574,20.0,,,,,,,,,,,,,,,,37.675670191,127.0436465315,도봉1동
575,21.0,,,,,,,,,,,,,,,,37.6771875559,127.0437721274,도봉1동
576,22.0,,,,,,,,,,,,,,,,37.678620287,127.0437151494,도봉1동
577,23.0,,,,,,,,,,,,,,,,37.67952,127.043648,도봉1동
578,24.0,,,,,,,,,,,,,,,,37.6790145516,127.0423594433,도봉1동
579,25.0,,,,,,,,,,,,,,,,37.67847,127.040717,도봉1동
580,26.0,,,,,,,,,,,,,,,,37.6781182487,127.0389713981,도봉1동
581,27.0,,,,,,,,,,,,,,,,37.6777532993,127.0361868209,도봉1동
582,28.0,,,,,,,,,,,,,,,,37.6780200195,127.0390076255,도봉1동
583,29.0,,,,,,,,,,,,,,,,37.6783177932,127.0404396652,도봉1동
584,30.0,,,,,,,,,,,,,,,,37.6789379513,127.0423843417,도봉1동
585,31.0,,,,,,,,,,,,,,,,37.6795575228,127.0433971197,도봉1동
586,32.0,,,,,,,,,,,,,,,,37.6786374607,127.0435711769,도봉1동
587,33.0,,,,,,,,,,,,,,,,37.6769488243,127.0436280078,도봉1동
588,34.0,,,,,,,,,,,,,,,,37.6755926524,127.0434480274,도봉1동
589,35.0,,,,,,,,,,,,,,,,37.674596518,127.0425258468,도봉1동
590,36.0,,,,,,,,,,,,,,,,37.6731273774,127.0410739524,도봉1동
0,,,,,,,,,,,,,,,,,37.60848,127.101942,신내1동
1,,,,,,,,,,,,,,,,,37.6077715316,127.0971854414,신내1동
2,,,,,,,,,,,,,,,,,37.6077071928,127.0976236907,신내1동
3,,,,,,,,,,,,,,,,,37.6034500817,127.0958886791,신내1동
4,,,,,,,,,,,,,,,,,37.606057,127.095368,신내1동
5,,,,,,,,,,,,,,,,,37.607645,127.09524,신내1동
6,,,,,,,,,,,,,,,,,37.609753,127.096062,신내1동
7,,,,,,,,,,,,,,,,,37.612626142,127.0966220017,신내1동
8,,,,,,,,,,,,,,,,,37.61985,127.086185,신내1동
9,,,,,,,,,,,,,,,,,37.616705,127.093173,신내1동
10,,,,,,,,,,,,,,,,,37.619875,127.105557,신내1동
11,,,,,,,,,,,,,,,,,37.6182441062,127.1033558569,신내1동
12,,,,,,,,,,,,,,,,,37.6143619055,127.1016592961,신내1동
13,,,,,,,,,,,,,,,,,37.6145594387,127.1014318828,신내1동
14,,,,,,,,,,,,,,,,,37.6105382531,127.101015256,신내1동
15,,,,,,,,,,,,,,,,,37.6061555986,127.1007499588,신내1동
16,,,,,,,,,,,,,,,,,37.605838161,127.101048541,신내1동
17,,,,,,,,,,,,,,,,,37.6010819221,127.1003489912,신내1동
18,,,,,,,,,,,,,,,,,37.6005378384,127.1001455367,신내1동
19,,,,,,,,,,,,,,,,,37.5999201792,127.0974107927,신내1동
20,,,,,,,,,,,,,,,,,37.607243,127.099208,신내1동
21,,,,,,,,,,,,,,,,,37.606984993,127.0992197585,신내1동
22,,,,,,,,,,,,,,,,,37.605195,127.097703,신내1동
23,,,,,,,,,,,,,,,,,37.605377,127.097937,신내1동
24,,,,,,,,,,,,,,,,,37.602835,127.096948,신내1동
25,,,,,,,,,,,,,,,,,37.6024633795,127.0970063858,신내1동
26,,,,,,,,,,,,,,,,,37.6135447482,127.1027996822,신내1동
27,,,,,,,,,,,,,,,,,37.613773,127.097435,신내1동
28,,,,,,,,,,,,,,,,,37.613665,127.098397,신내1동
29,,,,,,,,,,,,,,,,,37.61316,127.099442,신내1동
30,,,,,,,,,,,,,,,,,37.6130754494,127.1002631605,신내1동
31,,,,,,,,,,,,,,,,,37.614242,127.099763,신내1동
32,,,,,,,,,,,,,,,,,37.613847,127.105677,신내1동
33,,,,,,,,,,,,,,,,,37.614464,127.113272,신내1동
34,,,,,,,,,,,,,,,,,37.613782,127.105478,신내1동
35,,,,,,,,,,,,,,,,,37.6196890354,127.1048418581,신내1동
36,,,,,,,,,,,,,,,,,37.612948,127.107552,신내1동
37,,,,,,,,,,,,,,,,,37.615403,127.112802,신내1동
38,,,,,,,,,,,,,,,,,37.6158044062,127.1127215883,신내1동
39,,,,,,,,,,,,,,,,,37.616499082,127.1108830078,신내1동
40,,,,,,,,,,,,,,,,,37.6172677017,127.1098030048,신내1동
41,,,,,,,,,,,,,,,,,37.617433,127.108382,신내1동
42,,,,,,,,,,,,,,,,,37.6178214058,127.1054962576,신내1동
43,,,,,,,,,,,,,,,,,37.61769,127.105355,신내1동
44,,,,,,,,,,,,,,,,,37.6156282044,127.1054535122,신내1동
45,,,,,,,,,,,,,,,,,37.615298,127.105899,신내1동
46,,,,,,,,,,,,,,,,,37.618859,127.107416,신내1동
47,,,,,,,,,,,,,,,,,37.619084,127.10715,신내1동
48,,,,,,,,,,,,,,,,,37.6133839428,127.1044676292,신내1동
