시군구명,행정동명,총생활인구수,총노인시설수,입소정원,총노인생활인구수,노인생활인구비율,국민기초생활보장 수급권자,저소득노인,normal,Total bus,Total subway,Total Transportation,전체인구,65세이상 인구,고령자 비율
종로구,사직동,25308.006033870966,1.0,29.0,2201.444122446237,11.496092849156124,56.0,10.0,447.0,27.0,1.0,28.0,9355,1808,5.174225663716814
종로구,삼청동,6084.941764784947,1.0,29.0,590.9469748655914,10.296933605877149,19.0,4.0,190.0,16.0,0.0,16.0,2642,626,4.220447284345048
종로구,부암동,14174.375957526883,1.0,29.0,1684.2346487903228,8.41591518599111,58.0,16.0,385.0,34.0,0.0,34.0,9536,1814,5.256890848952591
종로구,평창동,17494.976655107526,3.0,29.0,2491.826054973118,7.0209461933314055,56.0,22.0,716.0,54.0,0.0,54.0,17858,3495,5.109585121602289
종로구,무악동,6495.619953897849,3.0,29.0,914.819717204301,7.100437202805963,88.0,20.0,219.0,3.0,0.0,3.0,8052,1476,5.455284552845528
종로구,교남동,7255.245085215053,0.0,29.0,837.1808034946237,8.666282187706239,55.0,18.0,371.0,24.0,0.0,24.0,9994,1656,6.035024154589372
종로구,가회동,6932.127118682795,1.0,29.0,660.4304458333334,10.496377267913223,19.0,8.0,221.0,23.0,0.0,23.0,4065,840,4.839285714285714
종로구,종로1.2.3.4가동,63479.18694865592,0.0,29.0,5680.621316263441,11.174690833010994,404.0,19.0,688.0,71.0,17.0,88.0,8700,1757,4.951622083096186
종로구,종로5.6가동,16377.681546639784,0.0,29.0,2011.7329104838711,8.141081483177878,124.0,32.0,333.0,18.0,2.0,20.0,5817,1068,5.446629213483146
종로구,이화동,25813.05464637097,1.0,29.0,2102.1154408602147,12.27956093401222,100.0,40.0,316.0,20.0,1.0,21.0,7631,1358,5.619293078055964
종로구,창신1동,8612.088151209677,0.0,29.0,1151.0007177419354,7.482261321352698,201.0,15.0,328.0,6.0,3.0,9.0,5383,1188,4.531144781144781
종로구,창신2동,8480.381361424732,0.0,29.0,1209.3214107526883,7.012512377620517,209.0,34.0,416.0,2.0,1.0,3.0,8796,1848,4.759740259740259
종로구,창신3동,4774.395129435484,0.0,29.0,545.6665432795699,8.749657072138548,77.0,7.0,225.0,5.0,1.0,6.0,6606,1253,5.272146847565842
종로구,숭인1동,7167.646789919355,0.0,29.0,920.2927451612904,7.788442131707942,116.0,25.0,265.0,10.0,4.0,14.0,6057,1212,4.997524752475248
종로구,숭인2동,12363.813021908602,0.0,29.0,1506.3653822580645,8.20771186561328,218.0,37.0,456.0,9.0,4.0,13.0,10509,1723,6.099245502031341
종로구,청운효자동,18327.989951747317,0.0,29.0,1867.368875403226,9.814873854417064,72.0,23.0,454.0,32.0,0.0,32.0,11818,2154,5.486536675951718
종로구,혜화동,33607.955730107526,0.0,29.0,2186.1834032258066,15.372889429366976,128.0,19.0,619.0,37.0,1.0,38.0,19392,2682,7.230425055928412
중구,소공동,27907.641096774198,0.0,29.0,1309.5202950268817,21.311346760151824,17.0,0.0,53.0,32.0,5.0,37.0,3578,318,11.251572327044025
중구,회현동,26546.049150000003,0.0,29.0,2445.5076657258064,10.855025940849528,213.0,8.0,259.0,36.0,10.0,46.0,5222,1323,3.947089947089947
중구,명동,36805.14783965053,0.0,29.0,1778.6880626344087,20.692300472933155,30.0,2.0,160.0,34.0,6.0,40.0,3638,778,4.676092544987147
중구,필동,14392.644173790322,0.0,29.0,1109.6199340053763,12.9707873234013,52.0,9.0,252.0,10.0,1.0,11.0,4816,885,5.4418079096045195
중구,장충동,12580.356364784944,0.0,29.0,885.9124407258065,14.200451180568324,57.0,6.0,189.0,13.0,1.0,14.0,5326,866,6.150115473441109
중구,광희동,24360.17503763441,0.0,29.0,1849.4895568548386,13.171296343549116,110.0,13.0,318.0,24.0,2.0,26.0,6682,1124,5.944839857651245
중구,을지로동,17184.20539905914,0.0,29.0,1565.9985564516128,10.973321353499031,91.0,7.0,178.0,17.0,3.0,20.0,1912,468,4.085470085470085
중구,신당5동,7626.547196505376,0.0,29.0,828.9863536290322,9.199846490981228,201.0,31.0,340.0,8.0,0.0,8.0,10513,1875,5.606933333333333
중구,황학동,13134.121671774194,4.0,29.0,1462.2132385752689,8.982357241254112,214.0,20.0,413.0,7.0,1.0,8.0,13459,2077,6.48001925854598
중구,중림동,8322.428274596774,2.0,29.0,897.2339193548387,9.2756505244263,221.0,33.0,359.0,10.0,1.0,11.0,12338,2205,5.5954648526077095
중구,신당동,22116.83454408602,29.0,29.0,1936.2842291666666,11.422307846614343,193.0,22.0,359.0,8.0,3.0,11.0,9087,1517,5.990112063282795
중구,다산동,14993.252804838708,0.0,29.0,1783.7942059139784,8.405259281104394,190.0,43.0,476.0,8.0,0.0,8.0,13954,2819,4.949982263213905
중구,약수동,13256.743570833334,0.0,29.0,2022.8110311827957,6.553624321042848,418.0,110.0,596.0,12.0,2.0,14.0,16610,4001,4.151462134466383
중구,청구동,11131.702208064517,0.0,29.0,1446.2256041666665,7.697071726564228,318.0,47.0,460.0,5.0,1.0,6.0,13451,2844,4.729606188466948
중구,동화동,10386.934321639785,0.0,29.0,1324.4020663978495,7.842734910472087,67.0,15.0,255.0,4.0,0.0,4.0,10199,1955,5.216879795396419
용산구,후암동,12199.954618817206,5.0,38.0,1345.5242924731183,9.067063810786562,268.0,32.0,584.0,19.0,0.0,19.0,16812,3008,5.589095744680851
용산구,용산2가동,12559.262545564516,0.0,29.0,1297.8486483870968,9.676985495321475,168.0,19.0,354.0,26.0,1.0,27.0,10333,2045,5.0528117359413205
용산구,남영동,16347.61367889785,1.0,93.0,1448.7711146505376,11.283779413866286,520.0,3.0,346.0,20.0,2.0,22.0,7552,1562,4.8348271446863
용산구,원효로2동,16119.316816801074,0.0,29.0,1842.9390172043009,8.746527511937826,177.0,14.0,347.0,26.0,0.0,26.0,13795,2331,5.9180609180609185
용산구,효창동,9383.937602822582,4.0,35.0,1090.4508701612904,8.605557443807246,49.0,9.0,244.0,15.0,0.0,15.0,10888,1579,6.895503483217226
용산구,용문동,8509.639851344085,4.0,30.0,1002.7105030913979,8.486636796072759,183.0,17.0,289.0,16.0,1.0,17.0,11664,2172,5.370165745856354
용산구,이촌1동,24803.21368548387,0.0,29.0,3053.159765591398,8.123785058683126,21.0,7.0,676.0,22.0,1.0,23.0,25707,4306,5.970041802136554
용산구,이촌2동,8688.923303225807,0.0,29.0,1010.2473481182797,8.600788034148355,65.0,9.0,331.0,9.0,0.0,9.0,8094,1792,4.516741071428571
용산구,이태원1동,11017.300605107526,0.0,29.0,834.0512662634409,13.20938058695739,74.0,7.0,260.0,14.0,1.0,15.0,7947,1346,5.904160475482913
용산구,이태원2동,10882.277085080645,0.0,29.0,977.9119823924731,11.128074183585548,89.0,15.0,326.0,18.0,0.0,18.0,10427,1861,5.602901665771091
용산구,서빙고동,15094.628320295698,4.0,52.0,1615.6033990591397,9.343028325569371,96.0,15.0,340.0,24.0,2.0,26.0,13458,2146,6.271202236719478
용산구,보광동,10925.746910215054,13.0,25.0,1082.7753262096774,10.090502291423016,309.0,40.0,439.0,13.0,0.0,13.0,14060,2668,5.269865067466267
용산구,청파동,23328.944144220437,0.0,29.0,1934.2196224462364,12.061166102076854,339.0,29.0,597.0,24.0,0.0,24.0,19833,3234,6.13265306122449
용산구,원효로1동,19609.391843682795,0.0,29.0,1288.717074731183,15.21621171021822,128.0,22.0,343.0,24.0,0.0,24.0,17774,2076,8.5616570327553
용산구,한강로동,49940.18535497312,0.0,29.0,3333.870696505376,14.979640754310395,171.0,14.0,582.0,41.0,13.0,54.0,22886,3228,7.089838909541512
용산구,한남동,30913.200486155914,10.0,24.0,2495.061627419355,12.389754283596384,214.0,38.0,654.0,42.0,1.0,43.0,22054,3683,5.988053217485746
성동구,왕십리2동,14185.128815994623,0.0,29.0,1519.4645170698923,9.33561044475653,177.0,39.0,418.0,13.0,1.0,14.0,16688,2657,6.280767783214151
성동구,마장동,20549.41762580645,15.0,27.0,2376.5844057795703,8.646618052290806,258.0,46.0,692.0,28.0,0.0,28.0,22706,4041,5.618906211333829
성동구,사근동,25905.168395967743,5.0,25.0,1564.5682834677418,16.55739073180685,72.0,18.0,295.0,40.0,1.0,41.0,14082,1521,9.258382642998027
성동구,행당1동,25152.9077641129,0.0,29.0,1926.6260526881722,13.05541764527563,121.0,23.0,343.0,27.0,3.0,30.0,13996,2194,6.379216043755697
성동구,행당2동,18078.24543830645,0.0,29.0,2097.597031451613,8.618550258814798,321.0,52.0,487.0,26.0,1.0,27.0,23148,4005,5.7797752808988765
성동구,응봉동,9975.061724327956,9.0,20.0,1102.2115740591398,9.050042622572514,62.0,27.0,399.0,32.0,0.0,32.0,15100,2537,5.951911706740244
성동구,금호1가동,13923.9505125,0.0,29.0,1553.9907833333332,8.960124256742965,300.0,29.0,390.0,41.0,1.0,42.0,15137,2750,5.504363636363636
성동구,금호4가동,11987.843055510752,0.0,29.0,1450.407754032258,8.265153728104059,178.0,26.0,430.0,28.0,2.0,30.0,14228,2512,5.664012738853503
성동구,성수1가1동,18533.756745564515,0.0,29.0,1360.7775309139786,13.61997558345643,147.0,12.0,383.0,32.0,2.0,34.0,16407,2401,6.833402748854644
성동구,성수1가2동,20113.26513185484,0.0,29.0,1340.6152403225806,15.003010951162365,69.0,16.0,340.0,12.0,2.0,14.0,12322,1969,6.257998984255967
성동구,성수2가1동,18920.80428319893,0.0,29.0,1403.9823403225805,13.476525836394542,251.0,34.0,535.0,30.0,0.0,30.0,15716,2966,5.298718813216453
성동구,성수2가3동,33216.07145833333,0.0,29.0,1994.7809772849462,16.65148797616018,65.0,11.0,285.0,21.0,2.0,23.0,10520,1837,5.726728361458901
성동구,송정동,9246.199238306452,5.0,21.0,827.2830098118279,11.176585435266672,196.0,32.0,313.0,13.0,0.0,13.0,10464,1859,5.628832705755783
성동구,용답동,19839.43099865592,4.0,25.0,1998.1849934139786,9.928725850732901,267.0,33.0,453.0,11.0,3.0,14.0,12551,2208,5.684329710144928
성동구,왕십리도선동,28711.61418239247,0.0,29.0,2628.5887380376344,10.922824771678451,359.0,39.0,574.0,27.0,1.0,28.0,26903,3964,6.786831483350151
성동구,금호2.3가동,20143.239996908604,0.0,29.0,2451.3612268817205,8.217165130955433,233.0,34.0,618.0,37.0,0.0,37.0,22423,3987,5.624028091296714
성동구,옥수동,26322.976435752687,18.0,20.0,3059.601235080645,8.603401036036928,179.0,31.0,601.0,40.0,2.0,42.0,25843,4312,5.993274582560296
광진구,화양동,42593.345931317206,2.0,22.0,2118.704758602151,20.103483393985883,157.0,22.0,671.0,22.0,2.0,24.0,27082,2356,11.49490662139219
광진구,군자동,23780.713257930107,4.0,29.0,1663.1885295698921,14.298266753967997,262.0,54.0,903.0,22.0,2.0,24.0,21524,3175,6.779212598425197
광진구,중곡1동,15220.661070698923,0.0,29.0,1479.1480512096773,10.290153888416482,236.0,70.0,719.0,18.0,0.0,18.0,15663,2628,5.960045662100456
광진구,중곡2동,18466.58234596774,0.0,29.0,1945.1983420698925,9.493418715500953,234.0,86.0,850.0,17.0,1.0,18.0,21336,3418,6.242246928028087
광진구,중곡3동,14521.064614784946,0.0,29.0,1778.8851251344086,8.163014243928632,304.0,84.0,902.0,21.0,1.0,22.0,16177,2943,5.496772001359157
광진구,중곡4동,24239.23146008065,0.0,29.0,3137.08303655914,7.726678311539712,413.0,154.0,1288.0,33.0,0.0,33.0,28405,5417,5.2436773121654054
광진구,능동,15295.363524865592,1.0,29.0,1321.2288903225808,11.576619037698455,91.0,29.0,399.0,9.0,2.0,11.0,11561,1674,6.906212664277181
광진구,구의1동,22173.851867876343,0.0,29.0,1878.052742204301,11.806831283050407,244.0,56.0,892.0,13.0,1.0,14.0,24049,3342,7.195990424895272
광진구,구의2동,19634.217750403222,0.0,29.0,2249.3160642473117,8.728972358525976,287.0,111.0,1029.0,20.0,0.0,20.0,26573,4514,5.886796632698272
광진구,구의3동,29234.55909045699,0.0,29.0,2556.3582584677415,11.436018012584796,134.0,46.0,772.0,23.0,0.0,23.0,28440,4377,6.497601096641535
광진구,광장동,35120.53689274193,20.0,20.0,2739.626925403226,12.819459674266705,67.0,27.0,606.0,38.0,2.0,40.0,34362,3991,8.609872212478075
광진구,자양1동,24470.08001706989,0.0,29.0,2172.6007186827956,11.26303595807775,361.0,88.0,1074.0,13.0,0.0,13.0,22709,3655,6.213132694938441
광진구,자양2동,20905.824654569893,0.0,29.0,2218.3458260752686,9.42406022038358,234.0,57.0,890.0,14.0,0.0,14.0,24253,4207,5.764915616829095
광진구,자양3동,24437.51774233871,0.0,29.0,2438.046822043011,10.023399682644648,107.0,42.0,809.0,18.0,1.0,19.0,27858,4495,6.1975528364849835
광진구,자양4동,28831.070170026884,0.0,29.0,2727.5279470430105,10.570403211187426,358.0,76.0,1134.0,12.0,1.0,13.0,21260,3879,5.480794019077082
동대문구,회기동,20841.79719516129,1.0,150.0,1632.0392967741936,12.770401568366724,84.0,15.0,349.0,9.0,0.0,9.0,13536,1556,8.699228791773779
동대문구,휘경1동,16964.487077419355,0.0,29.0,1636.0975465053766,10.368872634553275,110.0,18.0,367.0,15.0,2.0,17.0,16339,2173,7.519098021168891
동대문구,휘경2동,19577.39016680108,0.0,29.0,2115.5081522849464,9.254225820711525,181.0,34.0,709.0,17.0,0.0,17.0,24666,4112,5.998540856031128
동대문구,청량리동,20534.33153870968,14.0,20.0,3645.655912231183,5.632547896200779,837.0,78.0,1053.0,23.0,0.0,23.0,19094,5467,3.4925919151271265
동대문구,용신동,41890.578293817205,0.0,29.0,5121.416673252688,8.179490357149923,706.0,55.0,1315.0,38.0,7.0,45.0,36137,6147,5.878802667968115
동대문구,제기동,32198.27615362903,6.0,24.0,4689.975855913978,6.865339426647061,694.0,78.0,1182.0,27.0,2.0,29.0,26484,5855,4.52331340734415
동대문구,전농1동,31929.541731182795,0.0,29.0,3547.6085106182795,9.000300240462016,701.0,106.0,1072.0,33.0,2.0,35.0,29220,5816,5.024071526822558
동대문구,전농2동,16144.292514919356,0.0,29.0,1852.7669955645163,8.713611886205033,287.0,43.0,529.0,12.0,0.0,12.0,18629,3813,4.885654340414372
동대문구,답십리2동,20437.79074596774,0.0,29.0,2657.9784782258066,7.689223563469148,479.0,87.0,803.0,20.0,0.0,20.0,28055,5780,4.853806228373703
동대문구,장안1동,34374.34546693548,0.0,29.0,3555.8169536290325,9.667073956620111,416.0,65.0,1105.0,27.0,1.0,28.0,38677,6799,5.688630680982498
동대문구,장안2동,28389.64241505376,0.0,29.0,2971.260748924731,9.554746221895094,316.0,54.0,880.0,33.0,0.0,33.0,32685,5424,6.025995575221239
동대문구,이문1동,26354.488355376343,0.0,29.0,1893.0894138440858,13.921417637564842,232.0,45.0,566.0,26.0,0.0,26.0,21366,3234,6.606679035250464
동대문구,이문2동,13358.710215994624,0.0,29.0,1838.6425490591398,7.265528703678957,349.0,52.0,620.0,10.0,3.0,13.0,20183,4126,4.891662627241881
동대문구,답십리1동,21509.69667486559,0.0,29.0,2320.46513077957,9.269562550004498,283.0,43.0,655.0,26.0,2.0,28.0,28530,4166,6.848295727316371
중랑구,면목2동,19858.034440322583,0.0,29.0,2500.0381436827956,7.943092584607448,510.0,40.0,976.0,23.0,0.0,23.0,24206,4783,5.060840476688271
중랑구,면목4동,16091.087073790322,0.0,29.0,2180.775289112903,7.378608494933865,530.0,27.0,547.0,14.0,1.0,15.0,18746,3919,4.7833631028323556
중랑구,면목5동,11305.76182876344,0.0,29.0,1339.7024795698926,8.439009407815025,184.0,10.0,376.0,14.0,0.0,14.0,14836,2380,6.233613445378151
중랑구,면목7동,17156.858449327956,0.0,29.0,2434.986312231182,7.045977368803809,349.0,28.0,731.0,17.0,1.0,18.0,21798,4467,4.879785090664876
중랑구,상봉1동,16671.425934408602,0.0,29.0,1875.6566436827957,8.888314388754413,441.0,22.0,588.0,16.0,4.0,20.0,23714,3995,5.935919899874843
중랑구,상봉2동,25041.936681182797,0.0,29.0,2524.4244322580644,9.919859894076177,309.0,19.0,672.0,15.0,1.0,16.0,20612,3079,6.694381292627477
중랑구,중화1동,14467.96169408602,0.0,29.0,1806.1850330645161,8.010232301359808,284.0,21.0,632.0,14.0,0.0,14.0,19293,3835,5.030769230769231
중랑구,중화2동,25087.93300524194,0.0,29.0,3426.9440969086018,7.320788520557838,755.0,33.0,977.0,28.0,1.0,29.0,24926,5183,4.80918387034536
중랑구,묵1동,24650.235336021506,0.0,29.0,3194.8972190860213,7.7155018285919414,337.0,28.0,841.0,31.0,1.0,32.0,34344,6145,5.58893409275834
중랑구,묵2동,18347.444886290323,0.0,29.0,2274.47104905914,8.06668649129649,319.0,31.0,629.0,20.0,0.0,20.0,18624,3762,4.950558213716109
중랑구,망우3동,11024.194591397849,0.0,29.0,1645.7301233870967,6.698664887234867,528.0,24.0,625.0,10.0,0.0,10.0,16303,3505,4.651355206847361
중랑구,신내1동,33076.72460793011,0.0,29.0,3941.0226362903227,8.392929363903672,526.0,44.0,771.0,49.0,2.0,51.0,38205,7204,5.303303720155469
중랑구,신내2동,17158.080797715054,0.0,29.0,2497.1423528225805,6.871086375320518,493.0,28.0,701.0,21.0,1.0,22.0,20155,4297,4.69048173144054
중랑구,면목본동,26370.54605685484,0.0,29.0,3242.9915228494624,8.131549487888977,791.0,44.0,1205.0,27.0,1.0,28.0,33856,6355,5.327458693941778
중랑구,망우본동,40005.16754301075,0.0,29.0,4795.70537016129,8.341873500386718,854.0,39.0,1201.0,59.0,4.0,63.0,35905,6837,5.251572327044025
성북구,돈암1동,12256.11858642473,0.0,29.0,1844.0080376344088,6.646456163036865,370.0,14.0,329.0,11.0,0.0,11.0,14474,2988,4.8440428380187415
성북구,돈암2동,13693.338759139786,0.0,29.0,1558.8686150537633,8.784151933591607,198.0,16.0,381.0,33.0,0.0,33.0,23657,3648,6.484923245614035
성북구,안암동,27724.071524059134,0.0,29.0,1822.7851184139786,15.209731110917833,179.0,18.0,420.0,30.0,2.0,32.0,17118,2113,8.101277804070042
성북구,보문동,15573.25255766129,0.0,29.0,1785.5335961021506,8.721903968459602,200.0,19.0,496.0,10.0,1.0,11.0,16712,2588,6.457496136012365
성북구,길음1동,34012.78980860215,0.0,29.0,3219.6443259408607,10.564145093468598,344.0,27.0,517.0,30.0,2.0,32.0,35000,4818,7.264425072644251
성북구,길음2동,18238.80908266129,0.0,29.0,2075.721872043011,8.786730692734814,294.0,16.0,370.0,22.0,0.0,22.0,21728,3112,6.982005141388175
성북구,월곡1동,25327.12931935484,0.0,29.0,2824.916052419355,8.965621933318626,466.0,15.0,637.0,25.0,0.0,25.0,26169,4922,5.316741162129215
성북구,월곡2동,21841.90213776882,0.0,29.0,2653.6401857526885,8.23092077631222,353.0,17.0,525.0,28.0,2.0,30.0,19739,3729,5.293376240278895
성북구,장위1동,21655.236465188173,0.0,29.0,2656.70809422043,8.151153870573262,577.0,14.0,550.0,34.0,0.0,34.0,24082,4210,5.720190023752969
성북구,장위2동,12115.427948252687,0.0,29.0,1862.6139006720427,6.504529974720668,414.0,15.0,419.0,27.0,1.0,28.0,13622,3146,4.329942784488239
성북구,장위3동,8376.71283561828,0.0,29.0,984.7140254032258,8.506746750345249,202.0,13.0,252.0,34.0,0.0,34.0,15868,2193,7.235750113999088
성북구,성북동,20029.275241935484,4.0,29.0,2278.938747043011,8.788860722090073,166.0,15.0,589.0,47.0,1.0,48.0,16889,3092,5.46216041397154
성북구,삼선동,25794.12626115591,0.0,29.0,2370.9350016129033,10.879305524448643,369.0,21.0,678.0,39.0,2.0,41.0,23044,4026,5.723795330352708
성북구,동선동,25385.16894005376,0.0,29.0,2032.158229704301,12.49172853225487,194.0,13.0,401.0,18.0,1.0,19.0,15870,2196,7.226775956284153
성북구,종암동,37690.85888064516,19.0,22.0,4305.273996505376,8.7545784336233,613.0,19.0,1106.0,56.0,0.0,56.0,40111,6990,5.738340486409156
성북구,석관동,26404.147044892477,8.0,29.0,3694.5278326612906,7.146825857276787,699.0,24.0,1148.0,29.0,1.0,30.0,35315,7494,4.712436615959434
강북구,번1동,17811.940927688174,0.0,29.0,2297.4207952956995,7.753016323418284,380.0,35.0,1163.0,23.0,1.0,24.0,18578,3811,4.8748360010495935
강북구,번2동,11704.724840994624,0.0,29.0,2001.1688387096774,5.848944184310629,548.0,96.0,1250.0,41.0,0.0,41.0,15397,4124,3.7335111542192045
강북구,번3동,14479.447041801075,0.0,29.0,2832.736852553764,5.111469153496411,857.0,88.0,1587.0,35.0,0.0,35.0,16449,4787,3.4361813244203048
강북구,수유1동,16701.63783266129,0.0,29.0,2485.3052842741936,6.7201554426094665,470.0,55.0,1318.0,39.0,2.0,41.0,20501,4577,4.479134804457068
강북구,수유2동,16899.035891666666,0.0,29.0,2740.2275561827955,6.167019178220162,419.0,54.0,1237.0,12.0,1.0,13.0,21054,5126,4.1072961373390555
강북구,수유3동,27698.708643951613,0.0,29.0,3242.434665188172,8.542564925466014,488.0,49.0,1473.0,25.0,0.0,25.0,23778,4804,4.9496253122398
강북구,삼양동,21605.83223897849,0.0,29.0,3434.350242876344,6.291097503463459,546.0,65.0,1511.0,31.0,3.0,34.0,23090,5019,4.600518031480375
강북구,미아동,22148.33644637097,47.0,1.0,3173.804721908602,6.9784811565381455,445.0,76.0,1484.0,26.0,2.0,28.0,21685,4627,4.686622001296737
강북구,송중동,34034.61076814516,0.0,29.0,4603.956326747311,7.392470378230231,481.0,69.0,1574.0,57.0,2.0,59.0,29910,6215,4.81255028157683
강북구,송천동,26162.82793494624,0.0,29.0,3884.121117741936,6.7358424574968465,675.0,69.0,1990.0,17.0,1.0,18.0,25998,6280,4.139808917197453
강북구,삼각산동,20099.48096397849,0.0,29.0,2285.1466580645156,8.795707222136214,515.0,49.0,1096.0,21.0,2.0,23.0,30939,4711,6.567395457440034
강북구,우이동,18995.18329946237,3.0,29.0,2899.6270669354835,6.550905637509353,331.0,68.0,1328.0,33.0,6.0,39.0,20407,4998,4.083033213285314
강북구,인수동,25655.214904838707,0.0,29.0,4127.45120672043,6.215752438954622,605.0,81.0,1978.0,50.0,1.0,51.0,29916,7228,4.138904261206419
도봉구,쌍문1동,16785.470089784947,0.0,29.0,2333.159840053763,7.1943078230757465,346.0,52.0,686.0,42.0,1.0,43.0,21445,4723,4.540546262968452
도봉구,쌍문2동,16883.761610080644,0.0,29.0,2395.0138311827955,7.049546599796659,313.0,65.0,748.0,15.0,0.0,15.0,18461,4027,4.58430593493916
도봉구,쌍문3동,16254.345558198926,0.0,29.0,2301.044447580645,7.063898993906443,277.0,40.0,598.0,16.0,0.0,16.0,16934,3544,4.778216704288939
도봉구,쌍문4동,12974.452296370968,0.0,29.0,1677.1033611559137,7.736226995233351,82.0,29.0,477.0,15.0,0.0,15.0,18348,3278,5.597315436241611
도봉구,방학1동,23091.121855779573,0.0,29.0,3226.7518194892473,7.1561505648843475,546.0,53.0,948.0,31.0,5.0,36.0,28410,6183,4.5948568655992235
도봉구,방학2동,10652.81773844086,0.0,29.0,1954.93336344086,5.4491973678790435,649.0,71.0,726.0,23.0,0.0,23.0,19354,4601,4.206476852858074
도봉구,방학3동,20098.28616276881,0.0,29.0,3086.310857123656,6.51207447764992,100.0,35.0,791.0,28.0,0.0,28.0,26500,5387,4.9192500464080195
도봉구,창1동,19865.690906989246,0.0,29.0,2841.669066129032,6.990853067225951,208.0,27.0,895.0,22.0,3.0,25.0,24502,4872,5.029146141215107
도봉구,창2동,28378.954949059134,0.0,29.0,3737.577967607527,7.59287303034507,312.0,46.0,853.0,25.0,0.0,25.0,28957,5498,5.266824299745362
도봉구,창3동,10035.887079032258,0.0,29.0,1510.6110465053762,6.643594393308007,308.0,35.0,518.0,12.0,0.0,12.0,13633,3041,4.483064781321934
도봉구,창4동,26855.20662473118,0.0,29.0,3503.6141357526885,7.665001219936516,112.0,28.0,740.0,36.0,4.0,40.0,26121,4505,5.798224195338513
도봉구,창5동,18855.027861290324,0.0,29.0,2536.5458793010753,7.43334785116746,167.0,29.0,741.0,18.0,1.0,19.0,24343,4621,5.267907379355118
도봉구,도봉1동,18056.48144637097,0.0,29.0,3736.8002877688173,4.83207023545596,568.0,73.0,1159.0,37.0,0.0,37.0,20622,5930,3.4775716694772343
도봉구,도봉2동,18278.142068548383,0.0,29.0,3031.465085483871,6.029474710453706,470.0,69.0,1041.0,42.0,6.0,48.0,26359,6788,3.883176193282263
노원구,월계1동,22899.68452325269,0.0,29.0,2722.435787903226,8.411469106086663,262.0,32.0,693.0,45.0,4.0,49.0,21580,4280,5.042056074766355
노원구,월계2동,19181.674846639784,0.0,29.0,3035.795822311828,6.318499651940525,1055.0,58.0,812.0,40.0,4.0,44.0,26066,6044,4.3127068166776965
노원구,월계3동,23355.59323373656,0.0,29.0,3340.7250908602155,6.99117484932669,705.0,46.0,981.0,24.0,1.0,25.0,29384,6378,4.60708686108498
노원구,공릉2동,46948.9334139785,0.0,29.0,4017.8724465053765,11.685023364744508,300.0,37.0,857.0,52.0,2.0,54.0,42538,5931,7.17214634968808
노원구,하계1동,25620.749152150536,0.0,29.0,3078.4232174731187,8.322685784958761,1001.0,38.0,594.0,35.0,2.0,37.0,26982,4694,5.748189177673626
노원구,하계2동,15284.388023387097,0.0,29.0,1812.6133791666666,8.432238335575986,334.0,27.0,489.0,19.0,1.0,20.0,21642,3408,6.350352112676056
노원구,중계본동,19788.459603360217,0.0,29.0,1437.1637258064516,13.76910594668405,126.0,25.0,421.0,19.0,0.0,19.0,23477,2620,8.960687022900764
노원구,중계1동,24737.13218145161,0.0,29.0,1979.4352090053765,12.497065864500554,196.0,19.0,344.0,18.0,0.0,18.0,26580,2561,10.378758297540024
노원구,중계4동,15567.602846370968,0.0,29.0,2452.4697708333333,6.347724661691221,696.0,30.0,602.0,7.0,0.0,7.0,19601,4138,4.736829386176897
노원구,상계1동,34833.89299260753,0.0,29.0,5428.388212634409,6.416986337036968,543.0,52.0,1038.0,30.0,5.0,35.0,37857,7568,5.002246300211416
노원구,상계2동,27723.483262903228,0.0,29.0,3350.4534711021506,8.274546565717097,289.0,28.0,578.0,26.0,6.0,32.0,19629,3526,5.566931366988088
노원구,상계5동,17602.721361962365,0.0,29.0,2840.7969396505378,6.196402536299471,495.0,56.0,996.0,19.0,0.0,19.0,23737,5242,4.5282334986646315
노원구,상계8동,17031.897351478496,0.0,29.0,1816.3883829301076,9.37679271214204,53.0,7.0,599.0,14.0,1.0,15.0,22344,3055,7.313911620294599
노원구,상계9동,17150.19699314516,0.0,29.0,2135.550067204301,8.030810073957614,111.0,25.0,690.0,23.0,1.0,24.0,20071,3682,5.451113525258012
노원구,상계10동,12520.193257526882,0.0,29.0,1404.1451217741935,8.916594918413502,74.0,12.0,483.0,22.0,1.0,23.0,18477,2922,6.323408624229979
노원구,상계3.4동,20443.07912486559,0.0,29.0,3202.6311227150536,6.38321378315178,921.0,80.0,976.0,23.0,0.0,23.0,25324,6177,4.099724785494577
노원구,상계6.7동,46883.34032150537,0.0,29.0,5453.030493548387,8.597666999473812,165.0,33.0,1107.0,30.0,0.0,30.0,32044,5271,6.079301840258015
노원구,중계2.3동,30262.579906182797,0.0,29.0,4137.743224327956,7.31378876491254,1405.0,89.0,1100.0,31.0,4.0,35.0,33497,7665,4.370123939986954
노원구,공릉1동,42155.762688978495,0.0,29.0,4980.8663713709675,8.463540184752087,788.0,44.0,1084.0,44.0,4.0,48.0,37184,6878,5.406222739168363
은평구,녹번동,32323.81088252688,13.0,20.0,4284.2730293010745,7.544759790390881,587.0,53.0,1466.0,28.0,2.0,30.0,36884,7329,5.032610178741984
은평구,불광1동,25468.651152284947,0.0,29.0,3859.1328495967746,6.599578751207299,675.0,46.0,1422.0,34.0,2.0,36.0,38265,7985,4.792110206637445
은평구,갈현1동,18347.666407258064,0.0,29.0,2423.3749709677422,7.57112152558511,358.0,37.0,458.0,43.0,1.0,44.0,17151,3557,4.821759910036548
은평구,갈현2동,21610.91813467742,0.0,29.0,2579.081825672043,8.379306898898474,352.0,38.0,833.0,31.0,1.0,32.0,28176,5204,5.414296694850115
은평구,구산동,24553.84125201613,7.0,24.0,3338.527606451613,7.354691692399519,415.0,47.0,882.0,32.0,0.0,32.0,32020,6382,5.017235976183015
은평구,대조동,49555.08138965054,4.0,29.0,5872.977483467742,8.437812256073965,487.0,44.0,1000.0,28.0,0.0,28.0,26862,5199,5.166762839007501
은평구,응암1동,22193.92445967742,0.0,29.0,2607.1655038978497,8.51266420428482,323.0,24.0,905.0,22.0,1.0,23.0,33279,5410,6.151386321626617
은평구,응암2동,16281.110485215053,0.0,29.0,1738.7650423387095,9.363605828718697,355.0,26.0,550.0,34.0,0.0,34.0,28016,4152,6.747591522157996
은평구,신사1동,22677.29915215054,0.0,29.0,2850.4691365591398,7.9556374988591445,272.0,29.0,804.0,24.0,1.0,25.0,26984,5220,5.169348659003831
은평구,신사2동,12222.796697446238,0.0,29.0,1564.15109422043,7.814332478882456,270.0,24.0,641.0,32.0,1.0,33.0,19497,3963,4.919757759273278
은평구,증산동,14754.511751075268,9.0,10.0,1798.7796995967742,8.202511821977273,168.0,16.0,572.0,11.0,2.0,13.0,18647,3586,5.1999442275515895
은평구,수색동,15359.821959005376,11.0,10.0,1422.719903091398,10.796096916638577,239.0,11.0,320.0,18.0,0.0,18.0,13210,2380,5.550420168067227
은평구,진관동,56427.00541559141,37.0,20.0,6224.2448073924725,9.065678995879729,434.0,49.0,855.0,71.0,6.0,77.0,55034,8638,6.371150729335494
은평구,불광2동,20838.436337768817,0.0,29.0,3004.6417838709676,6.9354145474613125,718.0,51.0,1220.0,25.0,0.0,25.0,27280,6134,4.447342680143462
은평구,응암3동,24530.56316397849,0.0,29.0,3491.9740705645163,7.024841155253153,608.0,47.0,1188.0,25.0,0.0,25.0,24313,5761,4.2202742579413295
은평구,역촌동,39673.22423844086,4.0,29.0,4961.918623790322,7.995541089332735,666.0,83.0,1419.0,49.0,0.0,49.0,44984,8750,5.1410285714285715
서대문구,천연동,16007.479511962363,2.0,25.0,2029.2048268817207,7.888547917836889,372.0,6.0,622.0,37.0,1.0,38.0,17031,3279,5.193961573650503
서대문구,홍제1동,24662.412810215057,0.0,29.0,3503.482058467742,7.039400344753367,267.0,18.0,842.0,22.0,1.0,23.0,24674,4838,5.100041339396445
서대문구,홍제3동,13968.269327150538,0.0,29.0,2203.8668143817204,6.338073261051049,284.0,9.0,716.0,43.0,1.0,44.0,17890,3947,4.532556371928047
서대문구,홍제2동,9519.858322983871,0.0,29.0,1359.454221639785,7.002706065012575,251.0,9.0,449.0,9.0,1.0,10.0,13433,2811,4.7787264318747775
서대문구,홍은1동,15412.39693642473,0.0,29.0,2262.40904516129,6.812383008009924,309.0,12.0,808.0,30.0,0.0,30.0,22825,4715,4.840933191940615
서대문구,홍은2동,22383.281578897848,0.0,29.0,2785.156329166667,8.03663383074624,303.0,6.0,900.0,71.0,0.0,71.0,27499,5347,5.142883860108472
서대문구,남가좌1동,7283.050342473119,0.0,29.0,749.0265794354839,9.723353673192891,118.0,5.0,299.0,13.0,1.0,14.0,16884,2299,7.3440626359286645
서대문구,남가좌2동,21421.164333198925,0.0,29.0,2260.4780052419355,9.476386978118926,441.0,7.0,832.0,27.0,0.0,27.0,30508,4988,6.116279069767442
서대문구,북가좌1동,13915.55800094086,0.0,29.0,1632.5311514784946,8.523915753974004,154.0,10.0,395.0,13.0,0.0,13.0,17804,3106,5.732131358660657
서대문구,북가좌2동,31306.108035483878,0.0,29.0,4011.705618010753,7.8036902545724045,476.0,10.0,1118.0,36.0,1.0,37.0,31244,6524,4.7890864500306565
서대문구,충현동,40869.19938400538,0.0,29.0,3532.849087365591,11.56833999226418,265.0,14.0,662.0,44.0,2.0,46.0,20316,3481,5.836253950014363
서대문구,북아현동,41199.05938454301,11.0,20.0,2990.9985192204304,13.774349642700953,203.0,6.0,437.0,15.0,1.0,16.0,15875,2335,6.7987152034261245
서대문구,신촌동,59087.21677204301,1.0,41.0,3071.5212115591403,19.237118255826612,96.0,19.0,478.0,46.0,3.0,49.0,26143,2141,12.210649229332088
서대문구,연희동,38559.93038817204,11.0,20.0,3723.0901977150534,10.356969168202577,281.0,13.0,1141.0,58.0,0.0,58.0,37428,6185,6.05141471301536
마포구,용강동,24024.74505658602,4.0,20.0,2266.52380483871,10.599820308657938,181.0,49.0,479.0,21.0,3.0,24.0,21786,3046,7.152330925804334
마포구,대흥동,24547.19795577957,8.0,20.0,1604.3953810483872,15.299967979052196,140.0,31.0,478.0,29.0,5.0,34.0,16177,1992,8.120983935742972
마포구,염리동,17123.83663870968,10.0,22.0,1380.6050959677418,12.403138803936287,163.0,49.0,566.0,12.0,0.0,12.0,17633,2085,8.457074340527578
마포구,신수동,16688.8604077957,11.0,19.0,1610.0185056451614,10.365632661537758,125.0,53.0,526.0,24.0,0.0,24.0,22672,3380,6.707692307692308
마포구,서교동,73018.70668413979,3.0,29.0,3615.025569086021,20.19866949450124,103.0,19.0,693.0,80.0,4.0,84.0,26674,3324,8.024669073405535
마포구,합정동,20184.916880376342,4.0,25.0,1487.297178763441,13.571542505821435,124.0,23.0,503.0,29.0,2.0,31.0,17064,2685,6.355307262569832
마포구,망원1동,20245.21115860215,0.0,29.0,2101.088618413978,9.635581755654073,203.0,63.0,592.0,23.0,1.0,24.0,19757,3407,5.798943351922513
마포구,망원2동,15556.866065994624,0.0,29.0,1758.2112544354836,8.848121081439405,142.0,43.0,501.0,34.0,1.0,35.0,18449,3222,5.72594661700807
마포구,연남동,17454.32638655914,5.0,21.0,1295.6700259408601,13.47127435002948,99.0,39.0,408.0,21.0,0.0,21.0,15603,2405,6.487733887733888
마포구,성산1동,20842.22427002688,0.0,29.0,1947.8603147849462,10.700061042276518,211.0,37.0,431.0,26.0,0.0,26.0,19079,3043,6.269799539927703
마포구,성산2동,35306.392665725805,0.0,29.0,3534.236799731183,9.989820905155884,643.0,153.0,1003.0,40.0,8.0,48.0,39500,6425,6.147859922178989
마포구,상암동,50557.95092056452,20.0,20.0,3657.366527956989,13.823594253979865,225.0,121.0,389.0,96.0,5.0,101.0,30837,4277,7.209960252513444
마포구,도화동,15839.849408870969,12.0,21.0,1729.9649721774194,9.156167704906853,86.0,35.0,793.0,34.0,1.0,35.0,21118,3818,5.5311681508643264
마포구,서강동,27789.944807258064,0.0,29.0,2130.9970456989245,13.040818082478156,112.0,41.0,505.0,65.0,4.0,69.0,25576,3320,7.703614457831326
마포구,공덕동,36869.61613844086,15.0,23.0,3592.961021639785,10.261624302735687,418.0,79.0,1216.0,35.0,2.0,37.0,37476,6086,6.1577390732829445
마포구,아현동,26218.39474596774,13.0,23.0,2159.8581741935486,12.138942759867652,177.0,24.0,727.0,17.0,3.0,20.0,26184,3399,7.703442188879082
양천구,목1동,39858.66393615592,0.0,29.0,2899.2853891129034,13.747754562496349,149.0,12.0,396.0,25.0,3.0,28.0,30536,3505,8.712125534950072
양천구,목2동,22037.81923588709,0.0,29.0,2403.8556532258062,9.167696573758029,269.0,31.0,660.0,14.0,4.0,18.0,29641,4410,6.721315192743764
양천구,목3동,17922.57872204301,0.0,29.0,2050.8707663978494,8.739009310431705,257.0,32.0,550.0,9.0,1.0,10.0,21719,3599,6.034731869963879
양천구,목4동,17148.931426612904,0.0,29.0,1630.4273377688173,10.51805930221988,240.0,25.0,583.0,14.0,0.0,14.0,25018,3403,7.351748457243609
양천구,신월1동,14538.364266129032,0.0,29.0,2146.93810577957,6.771673681226147,562.0,44.0,782.0,9.0,0.0,9.0,20343,4459,4.562233684682664
양천구,신월2동,11892.046283064516,0.0,29.0,1461.704855376344,8.135737005541163,230.0,34.0,629.0,9.0,0.0,9.0,20569,4110,5.004622871046228
양천구,신월3동,12922.378077553763,0.0,29.0,1547.3308272849463,8.351399616479084,452.0,37.0,668.0,11.0,0.0,11.0,14934,3093,4.8283220174587775
양천구,신월4동,11337.47615752688,0.0,29.0,1389.6892232526884,8.158281699120133,123.0,27.0,510.0,10.0,0.0,10.0,17698,3490,5.071060171919771
양천구,신월5동,12620.249858870968,0.0,29.0,1504.4123704301078,8.38882350805376,211.0,19.0,420.0,13.0,0.0,13.0,14461,2625,5.508952380952381
양천구,신월6동,4423.8681166666665,0.0,29.0,525.0943721774194,8.424901029356159,89.0,7.0,293.0,12.0,0.0,12.0,13816,2030,6.805911330049261
양천구,신월7동,14301.027532661292,0.0,29.0,2010.7157767473118,7.112406287374803,314.0,74.0,888.0,19.0,0.0,19.0,19199,4452,4.312443845462713
양천구,신정1동,16197.011901209677,0.0,29.0,1550.6113875,10.445564911865885,82.0,15.0,413.0,27.0,0.0,27.0,19962,2851,7.001753770606805
양천구,신정2동,13484.046986827958,0.0,29.0,1324.4109639784945,10.181165328262043,284.0,27.0,329.0,14.0,0.0,14.0,19003,2730,6.960805860805861
양천구,신정3동,41042.36839744623,0.0,29.0,4679.87665577957,8.769967974852412,567.0,67.0,1126.0,60.0,1.0,61.0,50587,8101,6.244537711393655
양천구,신정6동,19592.646151344088,0.0,29.0,1904.7428409946237,10.286242179082373,14.0,5.0,379.0,22.0,0.0,22.0,24152,3042,7.939513477975017
양천구,신정7동,20681.51061827957,0.0,29.0,2749.0024885752687,7.52327824519294,723.0,37.0,762.0,24.0,1.0,25.0,28579,5294,5.398375519455988
양천구,목5동,38575.54050591397,0.0,29.0,3488.194001612903,11.058886199585533,13.0,5.0,615.0,28.0,0.0,28.0,40737,5035,8.090764647467726
양천구,신정4동,32137.736588172043,0.0,29.0,3559.0901559139784,9.02976187180036,524.0,31.0,1109.0,17.0,0.0,17.0,33056,6164,5.36275146009085
강서구,염창동,29356.186575,34.0,3.0,2267.960105645161,12.943872558397192,72.0,16.0,589.0,36.0,1.0,37.0,41628,4652,8.948409286328461
강서구,등촌1동,21821.327473655914,0.0,29.0,2069.868847311828,10.542372045453808,82.0,6.0,690.0,15.0,0.0,15.0,24991,3055,8.180360065466449
강서구,등촌2동,15151.08436532258,0.0,29.0,1708.6299943548388,8.867387565113813,104.0,21.0,451.0,9.0,0.0,9.0,19855,3356,5.91626936829559
강서구,등촌3동,38184.29695,0.0,29.0,5028.785464919355,7.593144948491525,1905.0,65.0,894.0,47.0,2.0,49.0,30025,7065,4.249823071479122
강서구,화곡본동,26326.464071370967,0.0,29.0,3102.0125037634407,8.486898115152995,441.0,40.0,851.0,25.0,0.0,25.0,34121,5160,6.6125968992248065
강서구,화곡2동,12157.477602016128,0.0,29.0,1542.0613944892475,7.883912823096681,249.0,25.0,483.0,28.0,0.0,28.0,17785,3053,5.825417622011137
강서구,화곡3동,17686.918001075268,0.0,29.0,2224.7605883064516,7.950032059197449,187.0,18.0,621.0,9.0,0.0,9.0,21603,4286,5.040363975734951
강서구,화곡4동,17148.42408293011,0.0,29.0,2256.969511424731,7.597986590481243,337.0,28.0,614.0,31.0,0.0,31.0,20514,4052,5.062685093780849
강서구,화곡6동,19778.329104569893,0.0,29.0,1951.0098157258067,10.13748313573299,305.0,28.0,666.0,29.0,0.0,29.0,25303,4159,6.083914402500601
강서구,화곡8동,31911.366618682798,0.0,29.0,3373.493031317204,9.459443467776419,288.0,31.0,752.0,26.0,1.0,27.0,24415,4586,5.323811600523332
강서구,가양1동,48328.44704919354,0.0,29.0,2972.7846176075273,16.25696216367262,60.0,20.0,488.0,58.0,6.0,64.0,34359,3299,10.414974234616551
강서구,가양2동,15464.32423965054,0.0,29.0,3052.4068135752686,5.066272349699434,1403.0,54.0,469.0,12.0,0.0,12.0,13902,4396,3.162420382165605
강서구,가양3동,11497.828509946235,0.0,29.0,1625.3838340053762,7.073915877219315,884.0,42.0,499.0,17.0,2.0,19.0,14678,3867,3.795707266614947
강서구,발산1동,33632.1487030914,0.0,29.0,2988.6409005376345,11.253325448715241,319.0,47.0,629.0,65.0,3.0,68.0,36236,5134,7.058044409816907
강서구,공항동,34270.64918615591,8.0,26.0,2836.571697311828,12.081714422601635,374.0,44.0,633.0,62.0,5.0,67.0,30927,4428,6.984417344173441
강서구,방화1동,33785.891640860216,0.0,29.0,3558.9686891129036,9.493169115034156,351.0,35.0,928.0,43.0,5.0,48.0,42851,7050,6.078156028368794
강서구,방화2동,27468.11392016129,0.0,29.0,3365.707457258064,8.161170948154448,684.0,40.0,847.0,36.0,4.0,40.0,23371,5039,4.638023417344711
강서구,방화3동,15509.006375,0.0,29.0,2294.328938978495,6.759713531707045,940.0,38.0,921.0,20.0,1.0,21.0,22544,5537,4.07151887303594
강서구,화곡1동,44839.249315994624,0.0,29.0,5249.033052150537,8.542382734211193,576.0,64.0,1447.0,27.0,1.0,28.0,52647,8740,6.023684210526316
강서구,우장산동,34302.527571908606,0.0,29.0,3497.8980454301077,9.806611606854512,196.0,14.0,786.0,27.0,2.0,29.0,42883,6214,6.901029932410686
구로구,신도림동,33482.76583346774,21.0,24.0,2919.7465724462363,11.46769591218838,65.0,18.0,572.0,41.0,1.0,42.0,36138,4995,7.234834834834835
구로구,구로1동,15900.71574045699,0.0,29.0,1493.8039958333334,10.644445847520053,34.0,11.0,358.0,21.0,0.0,21.0,20936,2862,7.315164220824598
구로구,구로3동,38619.44810403226,0.0,29.0,2369.433264516129,16.299023349754012,152.0,24.0,634.0,44.0,3.0,47.0,25055,3638,6.8870258383727325
구로구,구로4동,18712.75244327957,0.0,29.0,2441.586447580645,7.664177716018179,421.0,36.0,976.0,19.0,1.0,20.0,23052,4859,4.744186046511628
구로구,구로5동,32867.29768010753,0.0,29.0,3187.4840528225805,10.311360664221326,224.0,31.0,877.0,33.0,4.0,37.0,31740,5027,6.313904913467277
구로구,고척1동,23811.201261021502,0.0,29.0,2658.4402528225805,8.956831448718896,186.0,30.0,744.0,31.0,0.0,31.0,25636,4563,5.618233618233618
구로구,고척2동,15054.957563172042,0.0,29.0,1996.8590034946237,7.539319269324953,398.0,41.0,946.0,37.0,0.0,37.0,26557,5554,4.781598847677349
구로구,개봉2동,23403.943343279567,0.0,29.0,3177.6928321236555,7.365074152758398,291.0,27.0,873.0,25.0,1.0,26.0,30665,6795,4.5128771155261225
구로구,개봉3동,15799.825592069892,0.0,29.0,2213.5368869623658,7.137818974298628,203.0,37.0,752.0,21.0,0.0,21.0,20251,4465,4.535498320268757
구로구,오류1동,16624.17715981183,0.0,29.0,1823.9682396505375,9.114290917147182,404.0,45.0,665.0,14.0,2.0,16.0,23126,4181,5.531212628557761
구로구,수궁동,21692.274760752687,0.0,29.0,2664.8542264784946,8.140135601119997,251.0,59.0,800.0,43.0,8.0,51.0,23332,4723,4.940080457336439
구로구,가리봉동,10490.327253225809,4.0,29.0,827.4279543010753,12.678236453936274,285.0,15.0,543.0,9.0,2.0,11.0,12653,2169,5.833563854310742
구로구,구로2동,32537.61716223118,0.0,29.0,3714.251339247312,8.760208771661878,465.0,50.0,1187.0,39.0,0.0,39.0,30093,6114,4.92198233562316
구로구,개봉1동,29515.268975940857,0.0,29.0,3962.5073901881724,7.448634430064553,446.0,40.0,1138.0,42.0,1.0,43.0,34105,6727,5.069867697339081
구로구,오류2동,49008.33529731182,0.0,29.0,5333.049390456989,9.189552113469606,438.0,53.0,1053.0,59.0,3.0,62.0,38528,7426,5.188257473740911
금천구,가산동,56919.835954166665,10.0,20.0,2335.1382139784946,24.375360573278197,264.0,25.0,526.0,104.0,5.0,109.0,26569,2829,9.391657829621774
금천구,독산1동,38697.43509408602,0.0,29.0,3254.6503009408602,11.889890315681317,512.0,90.0,839.0,70.0,1.0,71.0,47573,6211,7.659475124778618
금천구,독산2동,13099.053661021506,0.0,29.0,1616.767857795699,8.102000295132507,399.0,62.0,660.0,8.0,0.0,8.0,19562,3680,5.315760869565217
금천구,독산3동,17881.461317876343,0.0,29.0,1998.0738338709675,8.949349626001409,381.0,74.0,861.0,22.0,0.0,22.0,27239,4884,5.577190827190827
금천구,독산4동,11336.465202688172,0.0,29.0,1249.5791811827958,9.072226373007897,252.0,42.0,498.0,14.0,0.0,14.0,16432,3085,5.326418152350081
금천구,시흥1동,26598.58693454301,0.0,29.0,3098.670734543011,8.583870056934508,565.0,121.0,1183.0,43.0,1.0,44.0,34054,6533,5.212612888412674
금천구,시흥2동,14243.698509946238,0.0,29.0,1736.1290298387098,8.204285663761702,447.0,84.0,468.0,18.0,0.0,18.0,20832,4296,4.849162011173185
금천구,시흥3동,9578.626356989247,0.0,29.0,1088.3661922043011,8.800922360138149,125.0,41.0,382.0,16.0,0.0,16.0,10701,2471,4.330635370295427
금천구,시흥4동,10706.9111077957,0.0,29.0,1466.297581317204,7.30200420720702,410.0,76.0,611.0,24.0,0.0,24.0,20614,4407,4.677558429770819
금천구,시흥5동,11210.350985349463,0.0,29.0,1687.8893349462367,6.641638615310369,574.0,107.0,746.0,36.0,0.0,36.0,19242,4532,4.245807590467785
영등포구,여의동,98308.87400994624,0.0,29.0,6496.172497446237,15.133353378253616,39.0,8.0,917.0,64.0,5.0,69.0,32923,6371,5.167634594255219
영등포구,당산1동,23582.93991142473,0.0,29.0,2084.6255974462365,11.312793980998283,209.0,21.0,661.0,21.0,2.0,23.0,20740,3503,5.9206394518983725
영등포구,당산2동,37489.50059650537,0.0,29.0,2974.6260291666667,12.603097071334359,89.0,11.0,654.0,45.0,5.0,50.0,37102,4853,7.645167937358335
영등포구,양평1동,19131.85916370968,0.0,29.0,1617.9095482526882,11.825048677394683,115.0,10.0,467.0,22.0,0.0,22.0,18704,2441,7.662433428922573
영등포구,양평2동,27485.687182392478,0.0,29.0,1793.9924787634409,15.320960097523793,101.0,11.0,375.0,32.0,3.0,35.0,22583,2636,8.567147192716236
영등포구,신길1동,18334.293998521505,0.0,29.0,2208.667755107527,8.301064728329372,362.0,36.0,790.0,22.0,0.0,22.0,20483,3607,5.678680343775991
영등포구,신길3동,13150.235107392473,0.0,29.0,1560.9799701612903,8.424345833235584,263.0,30.0,573.0,24.0,0.0,24.0,17281,3298,5.239842328684051
영등포구,신길4동,7462.22773360215,0.0,29.0,1000.3075918010754,7.4599331193380705,313.0,12.0,388.0,12.0,0.0,12.0,13016,2468,5.273905996758509
영등포구,신길5동,9694.67439623656,0.0,29.0,1090.5226126344087,8.889934315820229,217.0,15.0,331.0,19.0,1.0,20.0,11212,2134,5.25398313027179
영등포구,신길6동,19888.45001438172,0.0,29.0,1988.690354704301,10.000777631034943,213.0,19.0,552.0,24.0,3.0,27.0,19593,3482,5.626938541068352
영등포구,신길7동,17473.777449462366,0.0,29.0,1717.4967497311827,10.173979922929874,97.0,21.0,326.0,32.0,0.0,32.0,19899,2668,7.45839580209895
영등포구,대림1동,14961.22526370968,0.0,29.0,1886.8408288978492,7.929246089321115,254.0,22.0,578.0,16.0,0.0,16.0,16506,3309,4.988213961922031
영등포구,대림2동,19166.425638978493,0.0,29.0,1943.1795423387098,9.86343527264124,240.0,16.0,570.0,12.0,0.0,12.0,17523,3194,5.486224170319349
영등포구,대림3동,23724.23386370968,0.0,29.0,2539.3569704301076,9.34261474064883,317.0,19.0,772.0,39.0,2.0,41.0,25205,4766,5.288501888375997
영등포구,영등포본동,18796.36234771505,0.0,29.0,1983.6711211021504,9.47554367644954,431.0,20.0,813.0,19.0,3.0,22.0,22714,4390,5.174031890660593
영등포구,영등포동,49607.80630846774,6.0,29.0,3785.748277822581,13.1038311762768,594.0,26.0,697.0,47.0,1.0,48.0,30461,3452,8.824159907300116
영등포구,도림동,14478.385807526882,8.0,24.0,1698.5964278225806,8.52373499106355,327.0,37.0,554.0,24.0,0.0,24.0,19600,3394,5.774896876841485
영등포구,문래동,37664.772950403225,0.0,29.0,3532.85215,10.661293298221729,116.0,13.0,682.0,42.0,0.0,42.0,32540,4844,6.717588769611891
동작구,노량진2동,17718.987732392474,0.0,29.0,1948.7021350806453,9.092712228007688,302.0,31.0,470.0,12.0,1.0,13.0,11234,2255,4.9818181818181815
동작구,상도1동,43780.40490053764,3.0,29.0,4581.940276747311,9.554992482708014,459.0,51.0,1000.0,45.0,3.0,48.0,46166,7371,6.263193596526929
동작구,상도2동,20403.718411693542,0.0,29.0,2195.167154166667,9.294835872960771,157.0,31.0,630.0,35.0,1.0,36.0,27982,4407,6.349444066258226
동작구,상도3동,16516.39356451613,0.0,29.0,2197.7238329301076,7.5152270349162595,298.0,41.0,754.0,33.0,0.0,33.0,24456,4621,5.292360960830989
동작구,상도4동,18707.00630591398,0.0,29.0,2337.3191241935483,8.003616670174857,403.0,41.0,1009.0,33.0,0.0,33.0,28564,5357,5.3320888557028185
동작구,사당1동,22714.89265120968,0.0,29.0,2286.8562631720433,9.932802956186848,241.0,25.0,677.0,12.0,3.0,15.0,23009,3896,5.905800821355236
동작구,사당3동,18666.811610080644,0.0,29.0,2488.715806317204,7.50057984230178,153.0,24.0,622.0,26.0,1.0,27.0,24189,4665,5.185209003215434
동작구,사당4동,13388.102226612904,0.0,29.0,1669.4300661290322,8.019564579698974,182.0,21.0,455.0,4.0,0.0,4.0,14185,2777,5.108030248469571
동작구,사당5동,11030.549942876343,0.0,29.0,1315.9238264784947,8.382362049325359,126.0,15.0,400.0,24.0,0.0,24.0,14434,2448,5.896241830065359
동작구,대방동,40200.20752768817,16.0,27.0,4189.491593817204,9.595485902636755,475.0,41.0,827.0,53.0,1.0,54.0,37056,5818,6.3691990374699206
동작구,신대방1동,17750.753160215052,0.0,29.0,1913.8598653225806,9.274844768858333,230.0,21.0,674.0,15.0,0.0,15.0,25118,4093,6.1368189591986315
동작구,신대방2동,23050.804552822578,0.0,29.0,2567.1250163978493,8.979229451461276,169.0,17.0,513.0,27.0,0.0,27.0,22445,3468,6.472029988465975
동작구,흑석동,35234.99316048387,11.0,23.0,2970.545082930108,11.861457132213769,243.0,29.0,727.0,48.0,2.0,50.0,30694,5271,5.823183456649592
동작구,노량진1동,35414.59212930108,0.0,29.0,3154.2851258064516,11.227454309555064,423.0,44.0,922.0,52.0,6.0,58.0,32114,5957,5.390968608359913
동작구,사당2동,31741.63888185484,0.0,29.0,3939.683936962366,8.056899840124931,244.0,32.0,855.0,30.0,4.0,34.0,28786,5827,4.940106401235627
관악구,보라매동,17398.33656895161,0.0,29.0,1933.8770370967745,8.996609523359767,334.0,42.0,787.0,25.0,0.0,25.0,24660,4667,5.283908292264838
관악구,청림동,11007.88808373656,0.0,29.0,1392.987315456989,7.902360604141802,235.0,23.0,424.0,8.0,0.0,8.0,15005,2838,5.287174066243834
관악구,행운동,22757.47293333333,0.0,29.0,2293.2573064516127,9.923645667370081,375.0,46.0,718.0,15.0,1.0,16.0,29636,4532,6.53927625772286
관악구,낙성대동,24095.033212096776,0.0,29.0,1529.8392674731185,15.750042324312453,125.0,12.0,399.0,36.0,1.0,37.0,17928,2035,8.80982800982801
관악구,중앙동,14602.561409274194,0.0,29.0,1477.3928369623654,9.884007180715859,219.0,14.0,462.0,14.0,1.0,15.0,15685,2401,6.532694710537276
관악구,인헌동,23345.968825672044,0.0,29.0,2253.1145576612903,10.361643062616807,206.0,47.0,692.0,23.0,0.0,23.0,26119,4143,6.304368814868453
관악구,남현동,22992.712929435485,4.0,29.0,2470.149121908602,9.308228691743833,130.0,24.0,456.0,9.0,1.0,10.0,18163,2948,6.16112618724559
관악구,서원동,21347.37363696237,0.0,29.0,1895.9510143817201,11.259454213232331,219.0,37.0,580.0,21.0,3.0,24.0,23511,3397,6.921106858993229
관악구,신원동,15668.32259408602,7.0,24.0,1641.6585076612903,9.544203329112058,347.0,36.0,594.0,10.0,0.0,10.0,18620,3345,5.566517189835576
관악구,서림동,16879.121921102153,0.0,29.0,1648.319258736559,10.240201849027745,241.0,27.0,624.0,24.0,0.0,24.0,24361,3681,6.618038576473785
강남구,신사동,35078.212047446235,24.0,21.0,2748.379257258064,12.763235625072433,347.0,32.0,638.0,34.0,2.0,36.0,24719,3705,6.671794871794872
관악구,신사동,19407.4321186828,24.0,21.0,1990.876255376344,9.748186039324743,347.0,32.0,638.0,34.0,2.0,36.0,24719,3705,6.671794871794872
강남구,신사동,35078.212047446235,24.0,21.0,2748.379257258064,12.763235625072433,59.0,7.0,496.0,34.0,2.0,36.0,24719,3705,6.671794871794872
관악구,신사동,19407.4321186828,24.0,21.0,1990.876255376344,9.748186039324743,59.0,7.0,496.0,34.0,2.0,36.0,24719,3705,6.671794871794872
관악구,신림동,27480.86358077957,58.0,20.0,1960.0131887096775,14.020754420979618,201.0,12.0,411.0,17.0,2.0,19.0,23877,2002,11.926573426573427
관악구,난향동,9782.017092741937,0.0,29.0,1141.701493951613,8.567928783980827,210.0,30.0,372.0,15.0,0.0,15.0,15050,2847,5.286266245170355
관악구,조원동,27917.37288360215,0.0,29.0,2087.695203360215,13.372341344976128,241.0,17.0,530.0,26.0,0.0,26.0,20490,3127,6.552606331947554
관악구,대학동,35135.15286680108,0.0,29.0,2300.504689919355,15.272802103277936,223.0,27.0,625.0,53.0,0.0,53.0,26301,3184,8.26036432160804
관악구,은천동,27348.324882661287,0.0,29.0,3220.3106592741933,8.492449262278678,551.0,73.0,895.0,41.0,1.0,42.0,33156,6116,5.421190320470896
관악구,성현동,21283.19869731183,0.0,29.0,2663.346070698925,7.991150279515352,589.0,74.0,740.0,30.0,0.0,30.0,28830,5550,5.194594594594594
관악구,청룡동,38678.66467473118,0.0,29.0,3343.0949661290324,11.5697176019852,416.0,40.0,834.0,17.0,0.0,17.0,37132,4740,7.833755274261604
관악구,난곡동,16143.892478494625,0.0,29.0,2142.586827956989,7.5347669778630335,599.0,67.0,893.0,22.0,0.0,22.0,26679,5600,4.764107142857143
관악구,삼성동,18724.556353629032,25.0,15.0,3021.9737737903224,6.196134630957992,632.0,59.0,895.0,31.0,0.0,31.0,20642,5504,3.750363372093023
관악구,미성동,20014.241218548388,0.0,29.0,2315.318638575269,8.64427076476357,359.0,56.0,950.0,35.0,0.0,35.0,30662,6085,5.038948233360723
서초구,서초1동,30762.068851612905,0.0,29.0,2885.9169369623655,10.659374307561391,122.0,21.0,500.0,35.0,2.0,37.0,20622,3145,6.557074721780604
서초구,서초2동,44449.60549032258,0.0,29.0,3007.6781704301075,14.778710677002437,51.0,17.0,405.0,46.0,3.0,49.0,26932,3401,7.91884739782417
서초구,서초3동,62683.24256626344,0.0,29.0,4769.369594623656,13.142877967965426,99.0,22.0,716.0,75.0,3.0,78.0,32379,5013,6.4590065828845
서초구,서초4동,39336.797403360215,0.0,29.0,2885.0995962365596,13.634467751017235,25.0,5.0,465.0,43.0,2.0,45.0,30521,4353,7.011486331265794
서초구,잠원동,30995.595283198927,41.0,20.0,2327.864027688172,13.315036838290338,94.0,22.0,507.0,24.0,3.0,27.0,26393,3404,7.753525264394829
서초구,반포본동,4317.374995430107,0.0,29.0,388.0169115591398,11.126770165975284,0.0,0.0,3.0,3.0,2.0,5.0,292,41,7.121951219512195
서초구,반포1동,31075.570248655917,0.0,29.0,2053.2931170698926,15.134502711917545,126.0,15.0,595.0,22.0,4.0,26.0,34443,4141,8.317556145858488
서초구,반포2동,20761.964620564515,0.0,29.0,1701.091151075269,12.20508648665932,5.0,0.0,212.0,21.0,3.0,24.0,15742,2104,7.481939163498099
서초구,반포3동,26330.38934247312,0.0,29.0,2525.7024932795703,10.424976580786314,7.0,9.0,443.0,15.0,1.0,16.0,22773,3273,6.957836846929423
서초구,반포4동,42794.56373064516,0.0,29.0,3895.099348387097,10.986770786312743,31.0,6.0,402.0,33.0,1.0,34.0,19486,3008,6.478058510638298
서초구,방배본동,16606.66226572581,0.0,29.0,1841.0163115591395,9.02037758245704,75.0,17.0,441.0,21.0,0.0,21.0,20778,3207,6.478952291861553
서초구,방배1동,19631.55020134409,0.0,29.0,1996.0189634408603,9.835352549708253,109.0,28.0,406.0,23.0,2.0,25.0,16883,2996,5.635180240320428
서초구,방배2동,19778.22114435484,0.0,29.0,2218.594147043011,8.914754044003798,203.0,46.0,489.0,35.0,4.0,39.0,18553,3552,5.223254504504505
서초구,방배3동,18858.1303280914,0.0,29.0,2212.374548655914,8.523932052801953,36.0,17.0,329.0,44.0,0.0,44.0,17321,3305,5.240847201210287
서초구,방배4동,26075.868924462367,0.0,29.0,2736.1056014784945,9.530286005909966,111.0,21.0,521.0,28.0,2.0,30.0,23429,3604,6.500832408435072
서초구,양재1동,51607.288070430106,0.0,29.0,4647.790938037634,11.103616483279144,579.0,133.0,833.0,73.0,3.0,76.0,42683,7268,5.8727297743533295
서초구,양재2동,37225.63197755376,0.0,29.0,2605.3846924731183,14.28795988749667,239.0,45.0,522.0,48.0,3.0,51.0,21766,3090,7.044012944983819
서초구,내곡동,25528.32398306452,10.0,25.0,2410.240033064516,10.591610641619939,149.0,51.0,412.0,63.0,0.0,63.0,17455,3442,5.071179546775131
강남구,신사동,35078.212047446235,24.0,21.0,2748.379257258064,12.763235625072433,347.0,32.0,638.0,34.0,2.0,36.0,15876,3078,5.157894736842105
관악구,신사동,19407.4321186828,24.0,21.0,1990.876255376344,9.748186039324743,347.0,32.0,638.0,34.0,2.0,36.0,15876,3078,5.157894736842105
강남구,신사동,35078.212047446235,24.0,21.0,2748.379257258064,12.763235625072433,59.0,7.0,496.0,34.0,2.0,36.0,15876,3078,5.157894736842105
관악구,신사동,19407.4321186828,24.0,21.0,1990.876255376344,9.748186039324743,59.0,7.0,496.0,34.0,2.0,36.0,15876,3078,5.157894736842105
강남구,논현1동,40786.36371491935,0.0,29.0,2520.283010752688,16.183247492803762,153.0,4.0,652.0,18.0,3.0,21.0,22080,2981,7.406910432740691
강남구,논현2동,44684.99481962365,0.0,29.0,2981.156842204301,14.989145886931283,80.0,3.0,584.0,26.0,4.0,30.0,20814,3192,6.5206766917293235
강남구,삼성1동,37552.51820201613,0.0,29.0,2013.5610052419356,18.649804055727667,21.0,3.0,328.0,34.0,7.0,41.0,12739,2214,5.753839205058717
강남구,삼성2동,39089.71336975807,0.0,29.0,2694.5810405913976,14.50678705925237,96.0,13.0,663.0,22.0,2.0,24.0,31062,3912,7.940184049079755
강남구,대치1동,29292.31897782258,0.0,29.0,1937.6527931451615,15.11742407176873,2.0,2.0,208.0,16.0,6.0,22.0,23846,2690,8.864684014869889
강남구,대치4동,39571.49501129032,0.0,29.0,1905.159024596774,20.770704440100797,105.0,7.0,449.0,15.0,2.0,17.0,19491,2085,9.348201438848921
강남구,역삼1동,99278.99139744624,0.0,29.0,4538.236723790323,21.876115645754307,197.0,8.0,878.0,51.0,9.0,60.0,35556,3695,9.622733423545332
강남구,역삼2동,52170.14617862903,0.0,29.0,2994.852710215054,17.41993721450255,81.0,6.0,644.0,26.0,1.0,27.0,37269,3906,9.54147465437788
강남구,도곡1동,36389.65696532258,0.0,29.0,3444.007951075269,10.56607809339151,33.0,7.0,437.0,21.0,3.0,24.0,21274,3124,6.809859154929577
강남구,도곡2동,28596.438544623656,0.0,29.0,2657.9125606182797,10.758983936616634,16.0,2.0,643.0,20.0,3.0,23.0,32846,5129,6.4039773835055565
강남구,개포1동,8277.465083198926,0.0,29.0,898.5911142473118,9.211603533529697,57.0,15.0,335.0,15.0,0.0,15.0,6922,1677,4.127608825283244
강남구,개포4동,16339.4462672043,0.0,29.0,1440.5510495967742,11.342497214366604,143.0,14.0,621.0,28.0,0.0,28.0,23639,3493,6.767535070140281
강남구,일원본동,24230.04316532258,0.0,29.0,3026.789591935484,8.005195745974747,22.0,4.0,477.0,27.0,6.0,33.0,23015,3383,6.803133313626958
강남구,일원1동,14498.103771505375,0.0,29.0,1943.239654301075,7.4607904070997915,417.0,30.0,1011.0,15.0,2.0,17.0,14987,3386,4.426166568222091
강남구,수서동,22569.408954166665,9.0,22.0,3601.2814178763438,6.267049512469293,1067.0,27.0,2051.0,17.0,4.0,21.0,14402,4935,2.918338399189463
강남구,세곡동,46126.68172405913,10.0,29.0,4737.511434543011,9.73647923838913,359.0,32.0,1327.0,65.0,0.0,65.0,43382,6904,6.283603707995365
강남구,압구정동,39770.21674435484,8.0,20.0,3530.8015633064515,11.263792663304379,28.0,4.0,780.0,25.0,4.0,29.0,25902,5287,4.89918668432003
강남구,청담동,39833.06281733871,16.0,18.0,2876.250984543011,13.848952345049794,47.0,4.0,566.0,26.0,2.0,28.0,25489,3821,6.6707668149699035
강남구,대치2동,48110.51921532258,0.0,29.0,3491.600806854839,13.778928885819433,33.0,4.0,557.0,33.0,5.0,38.0,37098,5342,6.944590041183077
강남구,개포2동,33725.94314126344,0.0,29.0,3591.6165049731185,9.390184919399088,55.0,5.0,590.0,35.0,7.0,42.0,29032,3918,7.409903011740684
송파구,풍납1동,14153.254493010754,0.0,29.0,1914.3381487903225,7.39328864231967,214.0,10.0,758.0,6.0,0.0,6.0,12910,2829,4.56344998232591
송파구,풍납2동,34239.54168104839,0.0,29.0,3834.791071908602,8.92865896446534,164.0,9.0,812.0,25.0,2.0,27.0,24426,4030,6.0610421836228285
송파구,거여1동,11891.430529166666,0.0,29.0,1495.4162766129032,7.951919953754007,187.0,18.0,627.0,7.0,1.0,8.0,12255,2500,4.902
송파구,거여2동,17019.237090994626,0.0,29.0,2230.2691684139786,7.631023793911653,352.0,16.0,1128.0,10.0,0.0,10.0,23745,4283,5.544011207097829
송파구,마천1동,11745.174076344088,0.0,29.0,1609.555433064516,7.297154130306555,493.0,22.0,1292.0,13.0,2.0,15.0,18618,4320,4.309722222222222
송파구,마천2동,13681.408904838709,0.0,29.0,2102.6759272849463,6.506665495764083,407.0,16.0,1517.0,12.0,0.0,12.0,18150,4193,4.3286429763892205
송파구,방이1동,17522.919028629032,0.0,29.0,1809.1291951612902,9.685830661235226,75.0,8.0,370.0,10.0,1.0,11.0,15460,2331,6.632346632346632
송파구,방이2동,36015.63605349462,0.0,29.0,2739.31374516129,13.14768566291921,231.0,12.0,919.0,13.0,4.0,17.0,26354,3634,7.252063841496973
송파구,오륜동,21649.32356330645,0.0,29.0,2692.686876075269,8.040044966112609,8.0,1.0,302.0,25.0,6.0,31.0,17804,3066,5.806914546640574
송파구,오금동,35420.49544583333,16.0,20.0,4007.665402553763,8.838186796548108,336.0,18.0,1389.0,39.0,4.0,43.0,38037,6820,5.577272727272727
송파구,송파1동,27980.098507123654,0.0,29.0,2472.4748654569894,11.316636176178912,160.0,8.0,715.0,14.0,3.0,17.0,24008,3632,6.610132158590308
송파구,송파2동,17414.296367069892,0.0,29.0,1806.0664192204304,9.642112926603547,91.0,5.0,427.0,15.0,1.0,16.0,18947,3026,6.261401189689359
송파구,석촌동,27281.34649771505,3.0,30.0,2408.2174883064517,11.328439657208996,266.0,17.0,1224.0,19.0,3.0,22.0,31602,4687,6.742479197781097
송파구,삼전동,28343.26202956989,2.0,50.0,2589.5046884408603,10.94543761827879,309.0,15.0,1141.0,14.0,2.0,16.0,29912,4160,7.190384615384615
송파구,가락본동,36614.227119489246,0.0,29.0,3202.007275537634,11.434773243399805,184.0,10.0,867.0,26.0,3.0,29.0,25883,4006,6.461058412381428
송파구,가락1동,30289.938875672044,0.0,29.0,3021.6533611559144,10.024293079099191,47.0,13.0,464.0,10.0,1.0,11.0,27521,3815,7.213892529488859
송파구,가락2동,25436.76225981183,0.0,29.0,2974.7476474462364,8.550897512818876,127.0,8.0,725.0,22.0,2.0,24.0,31670,4513,7.017504985597164
송파구,문정1동,20719.92243669355,0.0,29.0,1952.8227788978497,10.610242086784561,109.0,9.0,504.0,16.0,1.0,17.0,19916,3208,6.208229426433915
송파구,문정2동,39551.12723736559,0.0,29.0,2778.625720967742,14.234060722503745,31.0,8.0,497.0,32.0,3.0,35.0,28841,4173,6.911334771147855
송파구,잠실본동,35986.654135080644,0.0,29.0,3131.688256317204,11.491135512127938,295.0,10.0,1017.0,13.0,0.0,13.0,16713,3010,5.55249169435216
송파구,잠실4동,19997.0762719086,0.0,29.0,1919.2324080645162,10.419309400926075,10.0,3.0,376.0,9.0,2.0,11.0,9427,2237,4.214126061689763
송파구,잠실6동,39964.74564637097,0.0,29.0,3310.0429219086027,12.073784717971847,10.0,3.0,347.0,15.0,4.0,19.0,34876,3923,8.89013510068825
송파구,잠실7동,9780.089784946236,0.0,29.0,1497.5793333333334,6.530598791836672,4.0,0.0,256.0,4.0,1.0,5.0,34143,6077,5.618397235478032
송파구,잠실2동,29969.87951680108,0.0,29.0,2202.1925598118282,13.60910942291165,12.0,4.0,486.0,8.0,2.0,10.0,29102,4623,6.295046506597448
송파구,잠실3동,48109.393314650544,0.0,29.0,4225.783579435484,11.3847272133793,22.0,6.0,700.0,27.0,1.0,28.0,44613,3583,12.451297795143734
송파구,장지동,31531.141359543013,15.0,22.0,3158.414076612903,9.983219614242964,338.0,18.0,962.0,44.0,1.0,45.0,28358,3917,7.239724278784784
송파구,위례동,44326.01069045698,0.0,29.0,2613.0064840053765,16.96360531892418,185.0,21.0,469.0,62.0,0.0,62.0,21223,2977,7.128988915015116
강동구,강일동,49240.01225752688,13.0,25.0,5506.385605241936,8.942347265082866,586.0,76.0,585.0,48.0,1.0,49.0,33057,5784,5.715248962655601
강동구,명일1동,25362.55620672043,0.0,29.0,3259.316941129032,7.781555664830437,129.0,18.0,618.0,23.0,1.0,24.0,25641,4268,6.007731958762887
강동구,명일2동,15719.415890994624,0.0,29.0,1844.3181434139785,8.523158516402567,53.0,7.0,291.0,13.0,1.0,14.0,17327,2792,6.205945558739255
강동구,고덕1동,24721.726901612907,0.0,29.0,2080.058266263441,11.885112692550834,130.0,19.0,291.0,22.0,1.0,23.0,23919,3015,7.933333333333334
강동구,고덕2동,21308.430646639787,0.0,29.0,2232.0945055107527,9.546383718983236,200.0,18.0,400.0,20.0,2.0,22.0,22764,3165,7.1924170616113745
강동구,암사2동,14839.654079569891,0.0,29.0,1602.6524111559138,9.259433908608283,50.0,5.0,408.0,7.0,1.0,8.0,15069,2524,5.970285261489699
강동구,암사3동,15306.338869623658,0.0,29.0,1531.1800862903226,9.996432821110677,50.0,10.0,325.0,10.0,0.0,10.0,17481,2819,6.201135154310039
강동구,천호1동,31350.55332903226,0.0,29.0,4047.4697168010753,7.745716589032376,519.0,60.0,914.0,17.0,1.0,18.0,26670,5453,4.890885750962773
강동구,천호3동,26033.069990994623,0.0,29.0,3035.544970564516,8.576077852061369,509.0,52.0,860.0,12.0,2.0,14.0,26679,4826,5.528180687940323
강동구,성내1동,23319.562196505376,0.0,29.0,2834.1972284946232,8.227924987736829,77.0,8.0,470.0,21.0,0.0,21.0,19900,3193,6.232383338553085
강동구,성내2동,23714.998514247312,0.0,29.0,2918.285071639785,8.12634747191502,342.0,45.0,907.0,18.0,1.0,19.0,23528,4469,5.264712463638398
강동구,성내3동,26286.068053494622,0.0,29.0,3063.767843548387,8.579654006372326,180.0,37.0,657.0,15.0,1.0,16.0,23071,4098,5.629819424109321
강동구,둔촌1동,4584.767637634409,0.0,29.0,548.4009252688172,8.360247815750913,1.0,0.0,1.0,9.0,1.0,10.0,73,11,6.636363636363637
강동구,둔촌2동,27026.214897446232,0.0,29.0,3979.3225360215056,6.79166231256711,169.0,31.0,634.0,30.0,3.0,33.0,24277,4250,5.712235294117647
강동구,암사1동,25105.689554569894,0.0,29.0,3103.788529973119,8.088724251709033,547.0,72.0,1095.0,15.0,0.0,15.0,34271,6303,5.437252102173568
강동구,천호2동,43363.50955040323,0.0,29.0,5166.347522446236,8.393455794834114,658.0,55.0,1086.0,26.0,0.0,26.0,33825,6140,5.508957654723127
강동구,길동,55177.68653346774,13.0,20.0,7357.37310577957,7.499645014621185,461.0,52.0,1401.0,36.0,1.0,37.0,45374,8478,5.351969804199103
